{
    "hand_animation_on_swap": false,
    "model": {
        "type": "range_dispatch",
        "property": "custom_model_data",
        "fallback": {
            "type": "model",
            "model": "item/crossbow"
        },
        "entries": [
            {
                "threshold": 0,
                "model": {
                    "type": "model",
                    "model": "item/crossbow"
                }
            },
            {
                "threshold": 1,
                "model": {
                    "type": "model",
                    "model": "item/misc/arms/lowarmidle"
                }
            },
            {
                "threshold": 2,
                "model": {
                    "type": "model",
                    "model": "item/misc/arms/lowarmidlebolt"
                }
            },
            {
                "threshold": 3,
                "model": {
                    "type": "model",
                    "model": "item/misc/arms/lowarmidlemelee"
                }
            },
            {
                "threshold": 4,
                "model": {
                    "type": "model",
                    "model": "item/misc/arms/lowarmidlepistol"
                }
            },
            {
                "threshold": 5,
                "model": {
                    "type": "model",
                    "model": "item/misc/arms/lowarmireload"
                }
            },
            {
                "threshold": 3001,
                "model": {
                    "type": "model",
                    "model": "item/misc/arms/not_specified_on_screen"
                }
            },
            {
                "threshold": 1001,
                "model": {
                    "type": "model",
                    "model": "item/misc/arms/lowarmzoom"
                }
            },
            {
                "threshold": 1002,
                "model": {
                    "type": "model",
                    "model": "item/misc/arms/lowarmzoom2"
                }
            },
            {
                "threshold": 1003,
                "model": {
                    "type": "model",
                    "model": "item/misc/arms/lowarmidlemeleestab"
                }
            },
            {
                "threshold": 2001,
                "model": {
                    "type": "model",
                    "model": "item/misc/arms/lowarmrun"
                }
            },
            {
                "threshold": 9001,
                "model": {
                    "type": "model",
                    "model": "item/misc/arms/lowarmidle"
                }
            }
        ]
    }
}