{
    "hand_animation_on_swap": false,
    "model": {
        "type": "range_dispatch",
        "property": "custom_model_data",
        "fallback": {
            "type": "model",
            "model": "item/feather"
        },
        "entries": [
            {
                "threshold": 0,
                "model": {
                    "type": "model",
                    "model": "item/feather"
                }
            },
            {
                "threshold": 1,
                "model": {
                    "type": "model",
                    "model": "item/weapons/ak12"
                }
            },
            {
                "threshold": 2,
                "model": {
                    "type": "model",
                    "model": "item/weapons/g11k2"
                }
            },
            {
                "threshold": 3,
                "model": {
                    "type": "model",
                    "model": "item/weapons/malyuk"
                }
            },
            {
                "threshold": 4,
                "model": {
                    "type": "model",
                    "model": "item/weapons/scarl"
                }
            },
            {
                "threshold": 5,
                "model": {
                    "type": "model",
                    "model": "item/weapons/sg550"
                }
            },
            {
                "threshold": 1001,
                "model": {
                    "type": "model",
                    "model": "item/weapons/ak12zoom"
                }
            },
            {
                "threshold": 1002,
                "model": {
                    "type": "model",
                    "model": "item/weapons/g11k2zoom"
                }
            },
            {
                "threshold": 1003,
                "model": {
                    "type": "model",
                    "model": "item/weapons/malyukzoom"
                }
            },
            {
                "threshold": 1004,
                "model": {
                    "type": "model",
                    "model": "item/weapons/scarlzoom"
                }
            },
            {
                "threshold": 1005,
                "model": {
                    "type": "model",
                    "model": "item/weapons/sg550zoom"
                }
            },
            {
                "threshold": 2001,
                "model": {
                    "type": "model",
                    "model": "item/weapons/ak12run"
                }
            },
            {
                "threshold": 2002,
                "model": {
                    "type": "model",
                    "model": "item/weapons/g11k2run"
                }
            },
            {
                "threshold": 2003,
                "model": {
                    "type": "model",
                    "model": "item/weapons/malyukrun"
                }
            },
            {
                "threshold": 2004,
                "model": {
                    "type": "model",
                    "model": "item/weapons/scarlrun"
                }
            },
            {
                "threshold": 2005,
                "model": {
                    "type": "model",
                    "model": "item/weapons/sg550run"
                }
            },
            {
                "threshold": 3001,
                "model": {
                    "type": "model",
                    "model": "item/weapons/ak12reload"
                }
            },
            {
                "threshold": 3002,
                "model": {
                    "type": "model",
                    "model": "item/weapons/g11k2reload"
                }
            },
            {
                "threshold": 3003,
                "model": {
                    "type": "model",
                    "model": "item/weapons/malyukreload"
                }
            },
            {
                "threshold": 3004,
                "model": {
                    "type": "model",
                    "model": "item/weapons/scarlreload"
                }
            },
            {
                "threshold": 3005,
                "model": {
                    "type": "model",
                    "model": "item/weapons/sg550reload"
                }
            },
            {
                "threshold": 9001,
                "model": {
                    "type": "model",
                    "model": "item/weapons/ak12noammo"
                }
            },
            {
                "threshold": 9002,
                "model": {
                    "type": "model",
                    "model": "item/weapons/g11k2noammo"
                }
            },
            {
                "threshold": 9003,
                "model": {
                    "type": "model",
                    "model": "item/weapons/malyuknoammo"
                }
            },
            {
                "threshold": 9004,
                "model": {
                    "type": "model",
                    "model": "item/weapons/scarlnoammo"
                }
            },
            {
                "threshold": 9005,
                "model": {
                    "type": "model",
                    "model": "item/weapons/sg550noammo"
                }
            },
            {
                "threshold": 10001,
                "model": {
                    "type": "model",
                    "model": "item/weapons/ak12ammo"
                }
            },
            {
                "threshold": 10002,
                "model": {
                    "type": "model",
                    "model": "item/weapons/g11k2ammo"
                }
            },
            {
                "threshold": 10003,
                "model": {
                    "type": "model",
                    "model": "item/weapons/malyukammo"
                }
            },
            {
                "threshold": 10004,
                "model": {
                    "type": "model",
                    "model": "item/weapons/scarlammo"
                }
            }
        ]
    }
}