{
  "fx.ricochet": {
    "category": "master",
    "sounds": [ "fx/bowhit1", "fx/bowhit2", "fx/bowhit3", "fx/bowhit4" ]
  },
  "fx.whiz": {
    "category": "master",
    "sounds": [
      {
				"name": "fx/whiz1",
				"weight": 4
			},
      {
				"name": "fx/whiz2",
				"weight": 1
			},
      {
				"name": "fx/whiz3",
				"weight": 2
			}
    ]
  },
  "fx.stim": {
    "category": "master",
    "sounds": [ "misc/stim" ]
  },
  "explosion.frag": {
    "category": "master",
	  "sounds": [ "explosion/frag" ]
  },
  "explosion.molotov": {
    "category": "master",
	  "sounds": [ "explosion/molotov" ]
  },
  "reload.start.light": {
    "category": "master",
	  "sounds": [ "reload/eject_mag_light" ]
  },
  "reload.end.light": {
    "category": "master",
	  "sounds": [ "reload/insert_mag_light" ]
  },
  "reload.start.normal": {
    "category": "master",
	  "sounds": [ "reload/eject_mag_normal" ]
  },
  "reload.end.normal": {
    "category": "master",
	  "sounds": [ "reload/insert_mag_normal" ]
  },
  "reload.start.heavy": {
    "category": "master",
	  "sounds": [ "reload/eject_mag_minigun" ]
  },
  "reload.end.heavy": {
    "category": "master",
	  "sounds": [ "reload/insert_mag_minigun" ]
  },
  "reload.start.shotgun": {
    "category": "master",
	  "sounds": [ "reload/insert_shotgun_shells" ]
  },
  "scope.in": {
    "category": "master",
    "sounds": [ "scope/start_scope" ]
  },
  "scope.out": {
    "category": "master",
    "sounds": [ "scope/end_scope" ] 
  },
  "shoot.50gs.quiet": {
    "category": "master",
    "sounds": ["shoot/quiet/50gs"]
  },
  "shoot.357magnum.quiet": {
    "category": "master",
    "sounds": ["shoot/quiet/357magnum"]
  },
  "shoot.ak12.quiet": {
    "category": "master",
    "sounds": ["shoot/quiet/ak12"]
  },
  "shoot.g11k2.quiet": {
    "category": "master",
    "sounds": ["shoot/quiet/g11k2"]
  },
  "shoot.malyuk.quiet": {
    "category": "master",
    "sounds": ["shoot/quiet/malyuk"]
  },
  "shoot.malyuk2.quiet": {
    "category": "master",
    "sounds": ["shoot/quiet/malyuk2"]
  },
  "shoot.mk16.quiet": {
    "category": "master",
    "sounds": ["shoot/quiet/mk16"]
  },
  "shoot.sg550.quiet": {
    "category": "master",
    "sounds": ["shoot/quiet/sg550"]
  },
  "shoot.ak12.ambient": {
    "category": "master",
    "sounds": ["shoot/ambient/ak12"]
  },
  "shoot.g11k2.ambient": {
    "category": "master",
    "sounds": ["shoot/ambient/g11k2"]
  },
  "shoot.malyuk.ambient": {
    "category": "master",
    "sounds": ["shoot/ambient/malyuk"]
  },
  "shoot.malyuk2.ambient": {
    "category": "master",
    "sounds": ["shoot/ambient/malyuk2"]
  },
  "shoot.mk16.ambient": {
    "category": "master",
    "sounds": ["shoot/ambient/mk16"]
  },
  "shoot.sg550.ambient": {
    "category": "master",
    "sounds": ["shoot/ambient/sg550"]
  },
  "shoot.ak12.loud": {
    "category": "master",
    "sounds": ["shoot/loud/ak12"]
  },
  "shoot.g11k2.loud": {
    "category": "master",
    "sounds": ["shoot/loud/g11k2"]
  },
  "shoot.malyuk.loud": {
    "category": "master",
    "sounds": ["shoot/loud/malyuk"]
  },
  "shoot.malyuk2.loud": {
    "category": "master",
    "sounds": ["shoot/loud/malyuk2"]
  },
  "shoot.mk16.loud": {
    "category": "master",
    "sounds": ["shoot/loud/mk16"]
  },
  "shoot.sg550.loud": {
    "category": "master",
    "sounds": ["shoot/loud/sg550"]
  }
}