{
	"credit": "Made with Blockbench",
	"texture_size": [8, 8],
	"textures": {
		"0": "item/assault_rifle_textures/ak2012/545x93mm",
		"1": "item/assault_rifle_textures/ak2012/545x93bullet",
		"particle": "item/assault_rifle_textures/ak2012/545x93mm"
	},
	"elements": [
		{
			"from": [7.625, 6.575, 7.55],
			"to": [8.375, 7.025, 9.425],
			"rotation": {"angle": 0, "axis": "y", "origin": [4, 6.825, 5.55]},
			"faces": {
				"north": {"uv": [3.5, 6.5, 4, 7], "texture": "#0"},
				"east": {"uv": [4.5, 1.5, 5.5, 2], "texture": "#0"},
				"south": {"uv": [6.5, 3.5, 7, 4], "texture": "#0"},
				"west": {"uv": [4.5, 2, 5.5, 2.5], "texture": "#0"},
				"up": {"uv": [5, 3.5, 4.5, 2.5], "texture": "#0"},
				"down": {"uv": [5, 3.5, 4.5, 4.5], "texture": "#0"}
			}
		},
		{
			"from": [7.625, 7.025, 8.025],
			"to": [7.75, 7.6, 9.425],
			"rotation": {"angle": 0, "axis": "y", "origin": [4, 7.275, 5.55]},
			"faces": {
				"north": {"uv": [8.5, 3.5, 9, 4], "texture": "#0"},
				"east": {"uv": [4, 8.5, 4.5, 9], "texture": "#0"},
				"south": {"uv": [8.5, 4, 9, 4.5], "texture": "#0"},
				"west": {"uv": [4.5, 8.5, 5, 9], "texture": "#0"},
				"up": {"uv": [9, 5, 8.5, 4.5], "texture": "#0"},
				"down": {"uv": [5.5, 8.5, 5, 9], "texture": "#0"}
			}
		},
		{
			"from": [8.25, 7.025, 8.025],
			"to": [8.375, 7.6, 9.425],
			"rotation": {"angle": 0, "axis": "y", "origin": [8.3125, 7.35, 8.725]},
			"faces": {
				"north": {"uv": [8.5, 6.5, 9, 7], "texture": "#0"},
				"east": {"uv": [7, 8.5, 7.5, 9], "texture": "#0"},
				"south": {"uv": [8.5, 7, 9, 7.5], "texture": "#0"},
				"west": {"uv": [7.5, 8.5, 8, 9], "texture": "#0"},
				"up": {"uv": [9, 8, 8.5, 7.5], "texture": "#0"},
				"down": {"uv": [8.5, 8.5, 8, 9], "texture": "#0"}
			}
		},
		{
			"from": [8.25, 7.55, 8.025],
			"to": [8.365, 7.775, 9.425],
			"rotation": {"angle": 45, "axis": "z", "origin": [8.3125, 7.5875, 8.725]},
			"faces": {
				"north": {"uv": [9.5, 3, 10, 3.5], "texture": "#0"},
				"east": {"uv": [3.5, 9.5, 4, 10], "texture": "#0"},
				"south": {"uv": [9.5, 3.5, 10, 4], "texture": "#0"},
				"west": {"uv": [4, 9.5, 4.5, 10], "texture": "#0"},
				"up": {"uv": [10, 4.5, 9.5, 4], "texture": "#0"},
				"down": {"uv": [5, 9.5, 4.5, 10], "texture": "#0"}
			}
		},
		{
			"from": [7.68657, 7.5245, 8.025],
			"to": [7.80157, 7.7495, 9.425],
			"rotation": {"angle": -45, "axis": "z", "origin": [7.74407, 7.637, 8.725]},
			"faces": {
				"north": {"uv": [9.5, 4.5, 10, 5], "texture": "#0"},
				"east": {"uv": [5, 9.5, 5.5, 10], "texture": "#0"},
				"south": {"uv": [9.5, 5, 10, 5.5], "texture": "#0"},
				"west": {"uv": [5.5, 9.5, 6, 10], "texture": "#0"},
				"up": {"uv": [10, 6, 9.5, 5.5], "texture": "#0"},
				"down": {"uv": [6.5, 9.5, 6, 10], "texture": "#0"}
			}
		},
		{
			"from": [7.625, 7.025, 7.825],
			"to": [8.375, 7.25, 8.025],
			"rotation": {"angle": 0, "axis": "y", "origin": [4, 7.275, 4.15]},
			"faces": {
				"north": {"uv": [8.5, 5, 9, 5.5], "texture": "#0"},
				"east": {"uv": [5.5, 8.5, 6, 9], "texture": "#0"},
				"south": {"uv": [8.5, 5.5, 9, 6], "texture": "#0"},
				"west": {"uv": [6, 8.5, 6.5, 9], "texture": "#0"},
				"up": {"uv": [9, 6.5, 8.5, 6], "texture": "#0"},
				"down": {"uv": [7, 8.5, 6.5, 9], "texture": "#0"}
			}
		},
		{
			"from": [7.625, 4.075, 7.5375],
			"to": [8.375, 6.9125, 9.2625],
			"rotation": {"angle": 22.5, "axis": "x", "origin": [8, 6.35, 8.4875]},
			"faces": {
				"north": {"uv": [4, 0, 4.5, 1.5], "texture": "#0"},
				"east": {"uv": [0, 0, 1, 1.5], "texture": "#0"},
				"south": {"uv": [4, 1.5, 4.5, 3], "texture": "#0"},
				"west": {"uv": [1, 0, 2, 1.5], "texture": "#0"},
				"up": {"uv": [1.5, 5.5, 1, 4.5], "texture": "#0"},
				"down": {"uv": [2, 4.5, 1.5, 5.5], "texture": "#0"}
			}
		},
		{
			"from": [7.675, 6.05, 7.2875],
			"to": [8.325, 6.1375, 7.6625],
			"rotation": {"angle": 22.5, "axis": "x", "origin": [8, 6.35, 8.4875]},
			"faces": {
				"north": {"uv": [4, 6.5, 4.5, 7], "texture": "#0"},
				"east": {"uv": [6.5, 5, 7, 5.5], "texture": "#0"},
				"south": {"uv": [5.5, 6.5, 6, 7], "texture": "#0"},
				"west": {"uv": [6.5, 6, 7, 6.5], "texture": "#0"},
				"up": {"uv": [7, 7, 6.5, 6.5], "texture": "#0"},
				"down": {"uv": [0.5, 7, 0, 7.5], "texture": "#0"}
			}
		},
		{
			"from": [7.675, 6.73414, 7.38131],
			"to": [8.325, 6.82164, 7.75631],
			"rotation": {"angle": 0, "axis": "y", "origin": [8, 6.77789, 7.56881]},
			"faces": {
				"north": {"uv": [7, 0, 7.5, 0.5], "texture": "#0"},
				"east": {"uv": [0.5, 7, 1, 7.5], "texture": "#0"},
				"south": {"uv": [7, 0.5, 7.5, 1], "texture": "#0"},
				"west": {"uv": [1, 7, 1.5, 7.5], "texture": "#0"},
				"up": {"uv": [7.5, 1.5, 7, 1], "texture": "#0"},
				"down": {"uv": [2, 7, 1.5, 7.5], "texture": "#0"}
			}
		},
		{
			"from": [7.675, 5.8, 7.2875],
			"to": [8.325, 5.8875, 7.6625],
			"rotation": {"angle": 22.5, "axis": "x", "origin": [8, 6.35, 8.4875]},
			"faces": {
				"north": {"uv": [7, 1.5, 7.5, 2], "texture": "#0"},
				"east": {"uv": [2, 7, 2.5, 7.5], "texture": "#0"},
				"south": {"uv": [7, 2, 7.5, 2.5], "texture": "#0"},
				"west": {"uv": [2.5, 7, 3, 7.5], "texture": "#0"},
				"up": {"uv": [7.5, 3, 7, 2.5], "texture": "#0"},
				"down": {"uv": [7.5, 3, 7, 3.5], "texture": "#0"}
			}
		},
		{
			"from": [7.675, 5.55, 7.2875],
			"to": [8.325, 5.6375, 7.6625],
			"rotation": {"angle": 22.5, "axis": "x", "origin": [8, 6.35, 8.4875]},
			"faces": {
				"north": {"uv": [3.5, 7, 4, 7.5], "texture": "#0"},
				"east": {"uv": [7, 3.5, 7.5, 4], "texture": "#0"},
				"south": {"uv": [4, 7, 4.5, 7.5], "texture": "#0"},
				"west": {"uv": [7, 4, 7.5, 4.5], "texture": "#0"},
				"up": {"uv": [5, 7.5, 4.5, 7], "texture": "#0"},
				"down": {"uv": [7.5, 4.5, 7, 5], "texture": "#0"}
			}
		},
		{
			"from": [7.675, 5.3, 7.2875],
			"to": [8.325, 5.3875, 7.6625],
			"rotation": {"angle": 22.5, "axis": "x", "origin": [8, 6.35, 8.4875]},
			"faces": {
				"north": {"uv": [5, 7, 5.5, 7.5], "texture": "#0"},
				"east": {"uv": [7, 5, 7.5, 5.5], "texture": "#0"},
				"south": {"uv": [5.5, 7, 6, 7.5], "texture": "#0"},
				"west": {"uv": [7, 5.5, 7.5, 6], "texture": "#0"},
				"up": {"uv": [6.5, 7.5, 6, 7], "texture": "#0"},
				"down": {"uv": [7.5, 6, 7, 6.5], "texture": "#0"}
			}
		},
		{
			"from": [7.675, 5.05, 7.2875],
			"to": [8.325, 5.1375, 7.6625],
			"rotation": {"angle": 22.5, "axis": "x", "origin": [8, 6.35, 8.4875]},
			"faces": {
				"north": {"uv": [6.5, 7, 7, 7.5], "texture": "#0"},
				"east": {"uv": [7, 6.5, 7.5, 7], "texture": "#0"},
				"south": {"uv": [7, 7, 7.5, 7.5], "texture": "#0"},
				"west": {"uv": [0, 7.5, 0.5, 8], "texture": "#0"},
				"up": {"uv": [8, 0.5, 7.5, 0], "texture": "#0"},
				"down": {"uv": [1, 7.5, 0.5, 8], "texture": "#0"}
			}
		},
		{
			"from": [7.675, 4.8, 7.2875],
			"to": [8.325, 4.8875, 7.6625],
			"rotation": {"angle": 22.5, "axis": "x", "origin": [8, 6.35, 8.4875]},
			"faces": {
				"north": {"uv": [7.5, 0.5, 8, 1], "texture": "#0"},
				"east": {"uv": [1, 7.5, 1.5, 8], "texture": "#0"},
				"south": {"uv": [7.5, 1, 8, 1.5], "texture": "#0"},
				"west": {"uv": [1.5, 7.5, 2, 8], "texture": "#0"},
				"up": {"uv": [8, 2, 7.5, 1.5], "texture": "#0"},
				"down": {"uv": [2.5, 7.5, 2, 8], "texture": "#0"}
			}
		},
		{
			"from": [7.675, 4.55, 7.2875],
			"to": [8.325, 4.6375, 7.6625],
			"rotation": {"angle": 22.5, "axis": "x", "origin": [8, 6.35, 8.4875]},
			"faces": {
				"north": {"uv": [7.5, 2, 8, 2.5], "texture": "#0"},
				"east": {"uv": [2.5, 7.5, 3, 8], "texture": "#0"},
				"south": {"uv": [7.5, 2.5, 8, 3], "texture": "#0"},
				"west": {"uv": [3, 7.5, 3.5, 8], "texture": "#0"},
				"up": {"uv": [8, 3.5, 7.5, 3], "texture": "#0"},
				"down": {"uv": [4, 7.5, 3.5, 8], "texture": "#0"}
			}
		},
		{
			"from": [7.675, 4.3, 7.2875],
			"to": [8.325, 4.3875, 7.6625],
			"rotation": {"angle": 22.5, "axis": "x", "origin": [8, 6.35, 8.4875]},
			"faces": {
				"north": {"uv": [7.5, 3.5, 8, 4], "texture": "#0"},
				"east": {"uv": [4, 7.5, 4.5, 8], "texture": "#0"},
				"south": {"uv": [7.5, 4, 8, 4.5], "texture": "#0"},
				"west": {"uv": [4.5, 7.5, 5, 8], "texture": "#0"},
				"up": {"uv": [8, 5, 7.5, 4.5], "texture": "#0"},
				"down": {"uv": [5.5, 7.5, 5, 8], "texture": "#0"}
			}
		},
		{
			"from": [7.675, 4.55567, 6.69465],
			"to": [8.325, 4.64317, 7.06965],
			"rotation": {"angle": 45, "axis": "x", "origin": [8, 4.99942, 6.83215]},
			"faces": {
				"north": {"uv": [7.5, 5, 8, 5.5], "texture": "#0"},
				"east": {"uv": [5.5, 7.5, 6, 8], "texture": "#0"},
				"south": {"uv": [7.5, 5.5, 8, 6], "texture": "#0"},
				"west": {"uv": [6, 7.5, 6.5, 8], "texture": "#0"},
				"up": {"uv": [8, 6.5, 7.5, 6], "texture": "#0"},
				"down": {"uv": [7, 7.5, 6.5, 8], "texture": "#0"}
			}
		},
		{
			"from": [7.675, 4.30567, 6.69465],
			"to": [8.325, 4.39317, 7.06965],
			"rotation": {"angle": 45, "axis": "x", "origin": [8, 4.99942, 6.83215]},
			"faces": {
				"north": {"uv": [7.5, 6.5, 8, 7], "texture": "#0"},
				"east": {"uv": [7, 7.5, 7.5, 8], "texture": "#0"},
				"south": {"uv": [7.5, 7, 8, 7.5], "texture": "#0"},
				"west": {"uv": [7.5, 7.5, 8, 8], "texture": "#0"},
				"up": {"uv": [0.5, 8.5, 0, 8], "texture": "#0"},
				"down": {"uv": [8.5, 0, 8, 0.5], "texture": "#0"}
			}
		},
		{
			"from": [7.675, 4.05567, 6.69465],
			"to": [8.325, 4.14317, 7.06965],
			"rotation": {"angle": 45, "axis": "x", "origin": [8, 4.99942, 6.83215]},
			"faces": {
				"north": {"uv": [0.5, 8, 1, 8.5], "texture": "#0"},
				"east": {"uv": [8, 0.5, 8.5, 1], "texture": "#0"},
				"south": {"uv": [1, 8, 1.5, 8.5], "texture": "#0"},
				"west": {"uv": [8, 1, 8.5, 1.5], "texture": "#0"},
				"up": {"uv": [2, 8.5, 1.5, 8], "texture": "#0"},
				"down": {"uv": [8.5, 1.5, 8, 2], "texture": "#0"}
			}
		},
		{
			"from": [7.675, 3.80567, 6.69465],
			"to": [8.325, 3.89317, 7.06965],
			"rotation": {"angle": 45, "axis": "x", "origin": [8, 4.99942, 6.83215]},
			"faces": {
				"north": {"uv": [2, 8, 2.5, 8.5], "texture": "#0"},
				"east": {"uv": [8, 2, 8.5, 2.5], "texture": "#0"},
				"south": {"uv": [2.5, 8, 3, 8.5], "texture": "#0"},
				"west": {"uv": [8, 2.5, 8.5, 3], "texture": "#0"},
				"up": {"uv": [3.5, 8.5, 3, 8], "texture": "#0"},
				"down": {"uv": [8.5, 3, 8, 3.5], "texture": "#0"}
			}
		},
		{
			"from": [7.675, 3.55567, 6.69465],
			"to": [8.325, 3.64317, 7.06965],
			"rotation": {"angle": 45, "axis": "x", "origin": [8, 4.99942, 6.83215]},
			"faces": {
				"north": {"uv": [3.5, 8, 4, 8.5], "texture": "#0"},
				"east": {"uv": [8, 3.5, 8.5, 4], "texture": "#0"},
				"south": {"uv": [4, 8, 4.5, 8.5], "texture": "#0"},
				"west": {"uv": [8, 4, 8.5, 4.5], "texture": "#0"},
				"up": {"uv": [5, 8.5, 4.5, 8], "texture": "#0"},
				"down": {"uv": [8.5, 4.5, 8, 5], "texture": "#0"}
			}
		},
		{
			"from": [7.675, 3.30567, 6.69465],
			"to": [8.325, 3.39317, 7.06965],
			"rotation": {"angle": 45, "axis": "x", "origin": [8, 4.99942, 6.83215]},
			"faces": {
				"north": {"uv": [5, 8, 5.5, 8.5], "texture": "#0"},
				"east": {"uv": [8, 5, 8.5, 5.5], "texture": "#0"},
				"south": {"uv": [5.5, 8, 6, 8.5], "texture": "#0"},
				"west": {"uv": [8, 5.5, 8.5, 6], "texture": "#0"},
				"up": {"uv": [6.5, 8.5, 6, 8], "texture": "#0"},
				"down": {"uv": [8.5, 6, 8, 6.5], "texture": "#0"}
			}
		},
		{
			"from": [7.675, 3.05567, 6.69465],
			"to": [8.325, 3.14317, 7.06965],
			"rotation": {"angle": 45, "axis": "x", "origin": [8, 4.99942, 6.83215]},
			"faces": {
				"north": {"uv": [6.5, 8, 7, 8.5], "texture": "#0"},
				"east": {"uv": [8, 6.5, 8.5, 7], "texture": "#0"},
				"south": {"uv": [7, 8, 7.5, 8.5], "texture": "#0"},
				"west": {"uv": [8, 7, 8.5, 7.5], "texture": "#0"},
				"up": {"uv": [8, 8.5, 7.5, 8], "texture": "#0"},
				"down": {"uv": [8.5, 7.5, 8, 8], "texture": "#0"}
			}
		},
		{
			"from": [7.675, 2.80567, 6.69465],
			"to": [8.325, 2.89317, 7.06965],
			"rotation": {"angle": 45, "axis": "x", "origin": [8, 4.99942, 6.83215]},
			"faces": {
				"north": {"uv": [8, 8, 8.5, 8.5], "texture": "#0"},
				"east": {"uv": [0, 8.5, 0.5, 9], "texture": "#0"},
				"south": {"uv": [8.5, 0, 9, 0.5], "texture": "#0"},
				"west": {"uv": [0.5, 8.5, 1, 9], "texture": "#0"},
				"up": {"uv": [9, 1, 8.5, 0.5], "texture": "#0"},
				"down": {"uv": [1.5, 8.5, 1, 9], "texture": "#0"}
			}
		},
		{
			"from": [7.725, 1.64308, 8.01988],
			"to": [8.275, 4.63058, 9.74488],
			"rotation": {"angle": 45, "axis": "x", "origin": [8, 5.81183, 8.31988]},
			"faces": {
				"north": {"uv": [2, 4, 2.5, 5.5], "texture": "#0"},
				"east": {"uv": [0, 1.5, 1, 3], "texture": "#0"},
				"south": {"uv": [2.5, 4, 3, 5.5], "texture": "#0"},
				"west": {"uv": [1, 1.5, 2, 3], "texture": "#0"},
				"up": {"uv": [4.5, 5.5, 4, 4.5], "texture": "#0"},
				"down": {"uv": [5, 4.5, 4.5, 5.5], "texture": "#0"}
			}
		},
		{
			"from": [7.7125, 4.075, 7.7375],
			"to": [8.2875, 6.95, 9.4125],
			"rotation": {"angle": 22.5, "axis": "x", "origin": [8, 6.35, 8.6375]},
			"faces": {
				"north": {"uv": [3, 4, 3.5, 5.5], "texture": "#0"},
				"east": {"uv": [2, 0, 3, 1.5], "texture": "#0"},
				"south": {"uv": [4, 3, 4.5, 4.5], "texture": "#0"},
				"west": {"uv": [2, 1.5, 3, 3], "texture": "#0"},
				"up": {"uv": [5.5, 1, 5, 0], "texture": "#0"},
				"down": {"uv": [5.5, 2.5, 5, 3.5], "texture": "#0"}
			}
		},
		{
			"from": [7.8125, 6.59724, 7.67366],
			"to": [8.1875, 7.42224, 9.57366],
			"rotation": {"angle": 0, "axis": "y", "origin": [8, 8.03474, 8.48616]},
			"faces": {
				"north": {"uv": [9.5, 2.5, 10, 3], "texture": "#0"},
				"east": {"uv": [1, 6.5, 2, 7], "texture": "#0"},
				"south": {"uv": [3, 9.5, 3.5, 10], "texture": "#0"},
				"west": {"uv": [2, 6.5, 3, 7], "texture": "#0"},
				"up": {"uv": [7, 3, 6.5, 2], "texture": "#0"},
				"down": {"uv": [3.5, 6.5, 3, 7.5], "texture": "#0"}
			}
		},
		{
			"from": [7.7125, 6.59724, 9.42366],
			"to": [7.8375, 7.67224, 9.57366],
			"rotation": {"angle": 0, "axis": "y", "origin": [8, 8.85974, 8.71116]},
			"faces": {
				"north": {"uv": [8.5, 8, 9, 8.5], "texture": "#0"},
				"east": {"uv": [8.5, 8.5, 9, 9], "texture": "#0"},
				"south": {"uv": [0, 9, 0.5, 9.5], "texture": "#0"},
				"west": {"uv": [9, 0, 9.5, 0.5], "texture": "#0"},
				"up": {"uv": [1, 9.5, 0.5, 9], "texture": "#0"},
				"down": {"uv": [9.5, 0.5, 9, 1], "texture": "#0"}
			}
		},
		{
			"from": [8.1625, 6.59724, 9.42366],
			"to": [8.2875, 7.67224, 9.57366],
			"rotation": {"angle": 0, "axis": "y", "origin": [8.1875, 7.50304, 9.49866]},
			"faces": {
				"north": {"uv": [1.5, 9, 2, 9.5], "texture": "#0"},
				"east": {"uv": [9, 1.5, 9.5, 2], "texture": "#0"},
				"south": {"uv": [2, 9, 2.5, 9.5], "texture": "#0"},
				"west": {"uv": [9, 2, 9.5, 2.5], "texture": "#0"},
				"up": {"uv": [3, 9.5, 2.5, 9], "texture": "#0"},
				"down": {"uv": [9.5, 2.5, 9, 3], "texture": "#0"}
			}
		},
		{
			"from": [8.1875, 7.62224, 9.42366],
			"to": [8.2875, 7.73724, 9.57366],
			"rotation": {"angle": 45, "axis": "z", "origin": [8.2375, 7.64724, 9.49866]},
			"faces": {
				"north": {"uv": [9.5, 6, 10, 6.5], "texture": "#0"},
				"east": {"uv": [6.5, 9.5, 7, 10], "texture": "#0"},
				"south": {"uv": [9.5, 6.5, 10, 7], "texture": "#0"},
				"west": {"uv": [7, 9.5, 7.5, 10], "texture": "#0"},
				"up": {"uv": [10, 7.5, 9.5, 7], "texture": "#0"},
				"down": {"uv": [8, 9.5, 7.5, 10], "texture": "#0"}
			}
		},
		{
			"from": [7.73548, 7.61272, 9.42366],
			"to": [7.83548, 7.72772, 9.57366],
			"rotation": {"angle": -45, "axis": "z", "origin": [7.78548, 7.67022, 9.49866]},
			"faces": {
				"north": {"uv": [9.5, 7.5, 10, 8], "texture": "#0"},
				"east": {"uv": [8, 9.5, 8.5, 10], "texture": "#0"},
				"south": {"uv": [9.5, 8, 10, 8.5], "texture": "#0"},
				"west": {"uv": [8.5, 9.5, 9, 10], "texture": "#0"},
				"up": {"uv": [10, 9, 9.5, 8.5], "texture": "#0"},
				"down": {"uv": [9.5, 9.5, 9, 10], "texture": "#0"}
			}
		},
		{
			"from": [8.17089, 7.29894, 7.89866],
			"to": [8.24589, 7.57394, 9.57366],
			"rotation": {"angle": -45, "axis": "z", "origin": [8.1875, 7.50304, 9.49866]},
			"faces": {
				"north": {"uv": [1, 9, 1.5, 9.5], "texture": "#0"},
				"east": {"uv": [4.5, 5.5, 5.5, 6], "texture": "#0"},
				"south": {"uv": [9, 1, 9.5, 1.5], "texture": "#0"},
				"west": {"uv": [5.5, 5, 6.5, 5.5], "texture": "#0"},
				"up": {"uv": [6, 6.5, 5.5, 5.5], "texture": "#0"},
				"down": {"uv": [0.5, 6, 0, 7], "texture": "#0"}
			}
		},
		{
			"from": [7.80732, 7.30367, 7.89866],
			"to": [7.88232, 7.57867, 9.57366],
			"rotation": {"angle": 45, "axis": "z", "origin": [7.84482, 7.44117, 9.49866]},
			"faces": {
				"north": {"uv": [3, 9, 3.5, 9.5], "texture": "#0"},
				"east": {"uv": [6, 1, 7, 1.5], "texture": "#0"},
				"south": {"uv": [9, 3, 9.5, 3.5], "texture": "#0"},
				"west": {"uv": [6, 1.5, 7, 2], "texture": "#0"},
				"up": {"uv": [1, 7, 0.5, 6], "texture": "#0"},
				"down": {"uv": [6.5, 2, 6, 3], "texture": "#0"}
			}
		},
		{
			"from": [7.75, 2.03058, 7.60738],
			"to": [8.25, 4.79308, 9.23238],
			"rotation": {"angle": 45, "axis": "x", "origin": [8, 5.97433, 7.80738]},
			"faces": {
				"north": {"uv": [3.5, 4, 4, 5.5], "texture": "#0"},
				"east": {"uv": [0, 3, 1, 4.5], "texture": "#0"},
				"south": {"uv": [0, 4.5, 0.5, 6], "texture": "#0"},
				"west": {"uv": [3, 0, 4, 1.5], "texture": "#0"},
				"up": {"uv": [5.5, 4.5, 5, 3.5], "texture": "#0"},
				"down": {"uv": [5.5, 4.5, 5, 5.5], "texture": "#0"}
			}
		},
		{
			"from": [7.75, 6.7375, 7.4125],
			"to": [8.25, 7.1775, 9.3125],
			"rotation": {"angle": 0, "axis": "y", "origin": [4, 6.9875, 5.4375]},
			"faces": {
				"north": {"uv": [8.5, 1, 9, 1.5], "texture": "#0"},
				"east": {"uv": [5, 1, 6, 1.5], "texture": "#0"},
				"south": {"uv": [1.5, 8.5, 2, 9], "texture": "#0"},
				"west": {"uv": [5.5, 0, 6.5, 0.5], "texture": "#0"},
				"up": {"uv": [1.5, 6.5, 1, 5.5], "texture": "#0"},
				"down": {"uv": [2, 5.5, 1.5, 6.5], "texture": "#0"}
			}
		},
		{
			"from": [7.75, 7.4625, 7.285],
			"to": [7.825, 7.9125, 7.985],
			"rotation": {"angle": -45, "axis": "x", "origin": [8, 7.6875, 8.2375]},
			"faces": {
				"north": {"uv": [3.5, 9, 4, 9.5], "texture": "#0"},
				"east": {"uv": [9, 3.5, 9.5, 4], "texture": "#0"},
				"south": {"uv": [4, 9, 4.5, 9.5], "texture": "#0"},
				"west": {"uv": [9, 4, 9.5, 4.5], "texture": "#0"},
				"up": {"uv": [5, 9.5, 4.5, 9], "texture": "#0"},
				"down": {"uv": [9.5, 4.5, 9, 5], "texture": "#0"}
			}
		},
		{
			"from": [7.8, 7.4625, 7.285],
			"to": [8.2, 7.9125, 7.685],
			"rotation": {"angle": -45, "axis": "x", "origin": [8, 7.6875, 8.2375]},
			"faces": {
				"north": {"uv": [7.5, 9, 8, 9.5], "texture": "#0"},
				"east": {"uv": [9, 7.5, 9.5, 8], "texture": "#0"},
				"south": {"uv": [8, 9, 8.5, 9.5], "texture": "#0"},
				"west": {"uv": [9, 8, 9.5, 8.5], "texture": "#0"},
				"up": {"uv": [9, 9.5, 8.5, 9], "texture": "#0"},
				"down": {"uv": [9.5, 8.5, 9, 9], "texture": "#0"}
			}
		},
		{
			"from": [7.8, 7.4625, 7.685],
			"to": [7.9, 7.9125, 7.86],
			"rotation": {"angle": -45, "axis": "x", "origin": [8, 7.6875, 8.2375]},
			"faces": {
				"north": {"uv": [9, 9, 9.5, 9.5], "texture": "#0"},
				"east": {"uv": [0, 9.5, 0.5, 10], "texture": "#0"},
				"south": {"uv": [9.5, 0, 10, 0.5], "texture": "#0"},
				"west": {"uv": [0.5, 9.5, 1, 10], "texture": "#0"},
				"up": {"uv": [10, 1, 9.5, 0.5], "texture": "#0"},
				"down": {"uv": [1.5, 9.5, 1, 10], "texture": "#0"}
			}
		},
		{
			"from": [8.1, 7.1337, 7.8212],
			"to": [8.2, 7.5837, 7.9962],
			"rotation": {"angle": -45, "axis": "x", "origin": [8.15, 7.3587, 7.9087]},
			"faces": {
				"north": {"uv": [9.5, 1, 10, 1.5], "texture": "#0"},
				"east": {"uv": [1.5, 9.5, 2, 10], "texture": "#0"},
				"south": {"uv": [9.5, 1.5, 10, 2], "texture": "#0"},
				"west": {"uv": [2, 9.5, 2.5, 10], "texture": "#0"},
				"up": {"uv": [10, 2.5, 9.5, 2], "texture": "#0"},
				"down": {"uv": [3, 9.5, 2.5, 10], "texture": "#0"}
			}
		},
		{
			"from": [8.175, 7.215, 7.9],
			"to": [8.3, 7.665, 9.425],
			"rotation": {"angle": 0, "axis": "y", "origin": [8.2375, 7.35073, 8.20573]},
			"faces": {
				"north": {"uv": [6.5, 9, 7, 9.5], "texture": "#0"},
				"east": {"uv": [6, 3, 7, 3.5], "texture": "#0"},
				"south": {"uv": [9, 6.5, 9.5, 7], "texture": "#0"},
				"west": {"uv": [6, 4, 7, 4.5], "texture": "#0"},
				"up": {"uv": [5, 7, 4.5, 6], "texture": "#0"},
				"down": {"uv": [5.5, 6, 5, 7], "texture": "#0"}
			}
		},
		{
			"from": [7.7, 7.215, 7.9],
			"to": [7.825, 7.665, 9.425],
			"rotation": {"angle": 0, "axis": "y", "origin": [7.7625, 7.44, 8.6625]},
			"faces": {
				"north": {"uv": [7, 9, 7.5, 9.5], "texture": "#0"},
				"east": {"uv": [6, 4.5, 7, 5], "texture": "#0"},
				"south": {"uv": [9, 7, 9.5, 7.5], "texture": "#0"},
				"west": {"uv": [6, 5.5, 7, 6], "texture": "#0"},
				"up": {"uv": [6.5, 7, 6, 6], "texture": "#0"},
				"down": {"uv": [7, 0, 6.5, 1], "texture": "#0"}
			}
		},
		{
			"from": [8.175, 7.3414, 7.51383],
			"to": [8.25, 7.7914, 8.21383],
			"rotation": {"angle": -45, "axis": "x", "origin": [8.1875, 7.35073, 8.20573]},
			"faces": {
				"north": {"uv": [5, 9, 5.5, 9.5], "texture": "#0"},
				"east": {"uv": [9, 5, 9.5, 5.5], "texture": "#0"},
				"south": {"uv": [5.5, 9, 6, 9.5], "texture": "#0"},
				"west": {"uv": [9, 5.5, 9.5, 6], "texture": "#0"},
				"up": {"uv": [6.5, 9.5, 6, 9], "texture": "#0"},
				"down": {"uv": [9.5, 6, 9, 6.5], "texture": "#0"}
			}
		},
		{
			"from": [7.75, 4.2375, 7.275],
			"to": [8.25, 6.7, 8.9],
			"rotation": {"angle": 22.5, "axis": "x", "origin": [8, 6.5125, 8.125]},
			"faces": {
				"north": {"uv": [5.5, 1.5, 6, 2.5], "texture": "#0"},
				"east": {"uv": [2, 3, 3, 4], "texture": "#0"},
				"south": {"uv": [2, 5.5, 2.5, 6.5], "texture": "#0"},
				"west": {"uv": [3, 3, 4, 4], "texture": "#0"},
				"up": {"uv": [3, 6.5, 2.5, 5.5], "texture": "#0"},
				"down": {"uv": [6, 2.5, 5.5, 3.5], "texture": "#0"}
			}
		},
		{
			"from": [7.625, 1.73058, 7.86988],
			"to": [8.375, 4.63058, 9.59488],
			"rotation": {"angle": 45, "axis": "x", "origin": [8, 5.81183, 8.16988]},
			"faces": {
				"north": {"uv": [4.5, 0, 5, 1.5], "texture": "#0"},
				"east": {"uv": [1, 3, 2, 4.5], "texture": "#0"},
				"south": {"uv": [0.5, 4.5, 1, 6], "texture": "#0"},
				"west": {"uv": [3, 1.5, 4, 3], "texture": "#0"},
				"up": {"uv": [3.5, 6.5, 3, 5.5], "texture": "#0"},
				"down": {"uv": [4, 5.5, 3.5, 6.5], "texture": "#0"}
			}
		},
		{
			"from": [7.6, 1.63058, 7.84488],
			"to": [8.4, 1.73058, 9.74488],
			"rotation": {"angle": 45, "axis": "x", "origin": [8, 5.81183, 8.16988]},
			"faces": {
				"north": {"uv": [8.5, 1.5, 9, 2], "texture": "#0"},
				"east": {"uv": [5.5, 0.5, 6.5, 1], "texture": "#0"},
				"south": {"uv": [2, 8.5, 2.5, 9], "texture": "#0"},
				"west": {"uv": [5.5, 3.5, 6.5, 4], "texture": "#0"},
				"up": {"uv": [4.5, 6.5, 4, 5.5], "texture": "#0"},
				"down": {"uv": [6, 4, 5.5, 5], "texture": "#0"}
			}
		},
		{
			"from": [7.7, 1.63058, 7.54488],
			"to": [8.3, 1.73058, 7.86988],
			"rotation": {"angle": 45, "axis": "x", "origin": [8, 5.81183, 8.16988]},
			"faces": {
				"north": {"uv": [8.5, 2, 9, 2.5], "texture": "#0"},
				"east": {"uv": [2.5, 8.5, 3, 9], "texture": "#0"},
				"south": {"uv": [8.5, 2.5, 9, 3], "texture": "#0"},
				"west": {"uv": [3, 8.5, 3.5, 9], "texture": "#0"},
				"up": {"uv": [9, 3.5, 8.5, 3], "texture": "#0"},
				"down": {"uv": [4, 8.5, 3.5, 9], "texture": "#0"}
			}
		},
		{
			"from": [7.7875, 7.4375, 8.49531],
			"to": [8.0125, 7.6625, 9.35781],
			"rotation": {"angle": -45, "axis": "z", "origin": [7.9, 7.55, 8.48125]},
			"faces": {
				"north": {"uv": [0, 4, 0.5, 4.5], "texture": "#1"},
				"east": {"uv": [0, 0, 1.75, 0.5], "texture": "#1"},
				"south": {"uv": [4, 0, 4.5, 0.5], "texture": "#1"},
				"west": {"uv": [0, 2, 1.75, 2.5], "texture": "#1"},
				"up": {"uv": [2.5, 1.75, 2, 0], "texture": "#1"},
				"down": {"uv": [2.5, 2, 2, 3.75], "texture": "#1"}
			}
		},
		{
			"from": [8.06875, 7.39375, 8.00781],
			"to": [8.18125, 7.50625, 8.06406],
			"rotation": {"angle": -45, "axis": "z", "origin": [8.125, 7.45, 8.48125]},
			"faces": {
				"north": {"uv": [2, 8, 2.25, 8.25], "texture": "#1"},
				"east": {"uv": [4, 8, 4.125, 8.25], "texture": "#1"},
				"south": {"uv": [8, 2, 8.25, 2.25], "texture": "#1"},
				"west": {"uv": [8, 4, 8.125, 4.25], "texture": "#1"},
				"up": {"uv": [6.25, 8.125, 6, 8], "texture": "#1"},
				"down": {"uv": [8.25, 6, 8, 6.125], "texture": "#1"}
			}
		},
		{
			"from": [8.05, 7.375, 8.06406],
			"to": [8.2, 7.525, 8.42031],
			"rotation": {"angle": -45, "axis": "z", "origin": [8.125, 7.45, 8.48125]},
			"faces": {
				"north": {"uv": [0, 8, 0.25, 8.25], "texture": "#1"},
				"east": {"uv": [2, 4, 2.75, 4.25], "texture": "#1"},
				"south": {"uv": [8, 0, 8.25, 0.25], "texture": "#1"},
				"west": {"uv": [4, 2, 4.75, 2.25], "texture": "#1"},
				"up": {"uv": [4.25, 4.75, 4, 4], "texture": "#1"},
				"down": {"uv": [0.25, 6, 0, 6.75], "texture": "#1"}
			}
		},
		{
			"from": [8.03125, 7.35625, 8.40156],
			"to": [8.21875, 7.54375, 8.49531],
			"rotation": {"angle": -45, "axis": "z", "origin": [8.125, 7.45, 8.48125]},
			"faces": {
				"north": {"uv": [6, 0, 6.375, 0.375], "texture": "#1"},
				"east": {"uv": [6, 2, 6.25, 2.375], "texture": "#1"},
				"south": {"uv": [2, 6, 2.375, 6.375], "texture": "#1"},
				"west": {"uv": [4, 6, 4.25, 6.375], "texture": "#1"},
				"up": {"uv": [6.375, 4.25, 6, 4], "texture": "#1"},
				"down": {"uv": [6.375, 6, 6, 6.25], "texture": "#1"}
			}
		},
		{
			"from": [8.0125, 7.3375, 8.49531],
			"to": [8.2375, 7.5625, 9.35781],
			"rotation": {"angle": -45, "axis": "z", "origin": [8.125, 7.45, 8.48125]},
			"faces": {
				"north": {"uv": [0, 4, 0.5, 4.5], "texture": "#1"},
				"east": {"uv": [0, 0, 1.75, 0.5], "texture": "#1"},
				"south": {"uv": [4, 0, 4.5, 0.5], "texture": "#1"},
				"west": {"uv": [0, 2, 1.75, 2.5], "texture": "#1"},
				"up": {"uv": [2.5, 1.75, 2, 0], "texture": "#1"},
				"down": {"uv": [2.5, 2, 2, 3.75], "texture": "#1"}
			}
		},
		{
			"from": [7.80625, 7.45625, 8.40156],
			"to": [7.99375, 7.64375, 8.49531],
			"rotation": {"angle": -45, "axis": "z", "origin": [7.9, 7.55, 8.48125]},
			"faces": {
				"north": {"uv": [6, 0, 6.375, 0.375], "texture": "#1"},
				"east": {"uv": [6, 2, 6.25, 2.375], "texture": "#1"},
				"south": {"uv": [2, 6, 2.375, 6.375], "texture": "#1"},
				"west": {"uv": [4, 6, 4.25, 6.375], "texture": "#1"},
				"up": {"uv": [6.375, 4.25, 6, 4], "texture": "#1"},
				"down": {"uv": [6.375, 6, 6, 6.25], "texture": "#1"}
			}
		},
		{
			"from": [7.825, 7.475, 8.06406],
			"to": [7.975, 7.625, 8.42031],
			"rotation": {"angle": -45, "axis": "z", "origin": [7.9, 7.55, 8.48125]},
			"faces": {
				"north": {"uv": [0, 8, 0.25, 8.25], "texture": "#1"},
				"east": {"uv": [2, 4, 2.75, 4.25], "texture": "#1"},
				"south": {"uv": [8, 0, 8.25, 0.25], "texture": "#1"},
				"west": {"uv": [4, 2, 4.75, 2.25], "texture": "#1"},
				"up": {"uv": [4.25, 4.75, 4, 4], "texture": "#1"},
				"down": {"uv": [0.25, 6, 0, 6.75], "texture": "#1"}
			}
		},
		{
			"from": [7.84375, 7.49375, 8.00781],
			"to": [7.95625, 7.60625, 8.06406],
			"rotation": {"angle": -45, "axis": "z", "origin": [7.9, 7.55, 8.48125]},
			"faces": {
				"north": {"uv": [2, 8, 2.25, 8.25], "texture": "#1"},
				"east": {"uv": [4, 8, 4.125, 8.25], "texture": "#1"},
				"south": {"uv": [8, 2, 8.25, 2.25], "texture": "#1"},
				"west": {"uv": [8, 4, 8.125, 4.25], "texture": "#1"},
				"up": {"uv": [6.25, 8.125, 6, 8], "texture": "#1"},
				"down": {"uv": [8.25, 6, 8, 6.125], "texture": "#1"}
			}
		}
	],
	"display": {
		"thirdperson_righthand": {
			"translation": [-0.25, 1.5, -0.25],
			"scale": [0.69, 0.69, 0.69]
		},
		"thirdperson_lefthand": {
			"scale": [0, 0, 0]
		},
		"firstperson_righthand": {
			"rotation": [-27, -4, 0],
			"translation": [-0.5, 4.25, -0.5],
			"scale": [2.01, 2.01, 2.01]
		},
		"firstperson_lefthand": {
			"scale": [0, 0, 0]
		},
		"ground": {
			"translation": [0, 5.5, 1],
			"scale": [0.88, 0.88, 0.88]
		},
		"gui": {
			"rotation": [-106, 90, 106],
			"translation": [1.25, 7.25, 0],
			"scale": [2.25, 2.25, 2.25]
		},
		"head": {
			"scale": [0, 0, 0]
		},
		"fixed": {
			"rotation": [-89, 90, 90],
			"translation": [0.5, 6.75, -2],
			"scale": [2.09, 2.09, 2.09]
		}
	},
	"groups": [
		{
			"name": "group",
			"origin": [0.4, -0.13039, -6.475],
			"color": 0,
			"children": [
				{
					"name": "group",
					"origin": [8, 3.97495, 2.45],
					"color": 0,
					"children": []
				}
			]
		},
		{
			"name": "group",
			"origin": [8.69412, 0.67872, -7.175],
			"color": 0,
			"children": []
		},
		{
			"name": "group",
			"origin": [8.9375, 1.45251, 6.05459],
			"color": 0,
			"children": [
				{
					"name": "group",
					"origin": [8.9375, 1.45251, 6.05459],
					"color": 0,
					"children": []
				}
			]
		},
		0,
		1,
		2,
		3,
		4,
		5,
		6,
		7,
		8,
		9,
		10,
		11,
		12,
		13,
		14,
		15,
		16,
		17,
		18,
		19,
		20,
		21,
		22,
		23,
		24,
		25,
		26,
		27,
		28,
		29,
		30,
		31,
		32,
		33,
		34,
		35,
		36,
		37,
		38,
		39,
		40,
		41,
		42,
		43,
		44,
		45,
		{
			"name": "octagon",
			"origin": [8, 8, 8],
			"color": 0,
			"children": [
				{
					"name": "octagon",
					"origin": [8, 8, 8],
					"color": 0,
					"children": []
				},
				{
					"name": "octagon",
					"origin": [8, 8, 8],
					"color": 0,
					"children": []
				}
			]
		},
		{
			"name": "octagon",
			"origin": [8, 8, 8],
			"color": 0,
			"children": [
				{
					"name": "octagon",
					"origin": [8, 8, 8],
					"color": 0,
					"children": []
				},
				{
					"name": "octagon",
					"origin": [8, 8, 8],
					"color": 0,
					"children": []
				}
			]
		},
		{
			"name": "octagon",
			"origin": [8, 8, 8],
			"color": 0,
			"children": [
				{
					"name": "group",
					"origin": [8, 5.55, 2.1],
					"color": 0,
					"children": []
				},
				{
					"name": "octagon",
					"origin": [8, 8, 8],
					"color": 0,
					"children": []
				}
			]
		},
		{
			"name": "group",
			"origin": [8, 6.7375, 1.00625],
			"color": 0,
			"children": [
				{
					"name": "group",
					"origin": [8, 6.7625, 1.6909],
					"color": 0,
					"children": []
				},
				{
					"name": "group",
					"origin": [8, 6.7375, 1.00625],
					"color": 0,
					"children": []
				}
			]
		},
		{
			"name": "group",
			"origin": [8, 8, 8],
			"color": 0,
			"children": [
				{
					"name": "group",
					"origin": [8, 4.6125, -1.2242],
					"color": 0,
					"children": []
				},
				{
					"name": "group",
					"origin": [8, 4.6125, -1.5712],
					"color": 0,
					"children": []
				}
			]
		},
		{
			"name": "group",
			"origin": [8, 4.6125, -1.5712],
			"color": 0,
			"children": []
		},
		{
			"name": "group",
			"origin": [8, 8, 8],
			"color": 0,
			"children": []
		},
		{
			"name": "group",
			"origin": [8, 4.6125, -1.5712],
			"color": 0,
			"children": []
		},
		{
			"name": "octagon",
			"origin": [8, 8, 8],
			"color": 0,
			"children": []
		},
		{
			"name": "eotech_hws_xps2",
			"origin": [8, 8, 8],
			"color": 0,
			"children": [
				{
					"name": "group",
					"origin": [8.40818, 6.59333, 11.42796],
					"color": 0,
					"children": []
				},
				{
					"name": "hexadecagon",
					"origin": [8, 8, 8],
					"color": 0,
					"children": []
				},
				{
					"name": "octagon",
					"origin": [8, 8, 8],
					"color": 0,
					"children": []
				},
				{
					"name": "octagon",
					"origin": [8, 8, 8],
					"color": 0,
					"children": []
				},
				{
					"name": "octagon",
					"origin": [8, 8, 8],
					"color": 0,
					"children": []
				}
			]
		},
		46,
		47,
		48,
		49,
		50,
		51,
		52,
		53
	]
}