{
	"credit": "Made with Blockbench",
	"texture_size": [128, 128],
	"textures": {
		"0": "item/assault_rifle_textures/hkg11k2/g11k2",
		"particle": "item/assault_rifle_textures/hkg11k2/g11k2"
	},
	"elements": [
		{
			"from": [7.55, 3.55, -1.935],
			"to": [8.45, 5.775, -1.51],
			"rotation": {"angle": 0, "axis": "y", "origin": [9.35216, -1.48591, 11.6625]},
			"faces": {
				"north": {"uv": [2.625, 10.375, 2.75, 10.65625], "texture": "#0"},
				"east": {"uv": [9.625, 11.25, 9.6875, 11.53125], "texture": "#0"},
				"south": {"uv": [3.125, 10.375, 3.25, 10.65625], "texture": "#0"},
				"west": {"uv": [9.75, 11.25, 9.8125, 11.53125], "texture": "#0"},
				"up": {"uv": [8.625, 12.1875, 8.5, 12.125], "texture": "#0"},
				"down": {"uv": [12.25, 8.5, 12.125, 8.5625], "texture": "#0"}
			}
		},
		{
			"from": [7.55, 5.33767, -2.11515],
			"to": [8.45, 5.71267, -1.79015],
			"rotation": {"angle": 45, "axis": "x", "origin": [8, 5.52517, -1.95265]},
			"faces": {
				"north": {"uv": [8.625, 12.125, 8.75, 12.1875], "texture": "#0"},
				"east": {"uv": [13.125, 10.125, 13.15625, 10.1875], "texture": "#0"},
				"south": {"uv": [12.125, 8.625, 12.25, 8.6875], "texture": "#0"},
				"west": {"uv": [10.25, 13.125, 10.28125, 13.1875], "texture": "#0"},
				"up": {"uv": [3, 12.78125, 2.875, 12.75], "texture": "#0"},
				"down": {"uv": [12.875, 2.875, 12.75, 2.90625], "texture": "#0"}
			}
		},
		{
			"from": [7.55, 3.815, -2.2],
			"to": [8.45, 5.505, -1.875],
			"rotation": {"angle": 0, "axis": "y", "origin": [8, 4.23491, -1.99507]},
			"faces": {
				"north": {"uv": [7.5, 10.875, 7.625, 11.09375], "texture": "#0"},
				"east": {"uv": [0.125, 12.375, 0.15625, 12.59375], "texture": "#0"},
				"south": {"uv": [10.875, 7.5, 11, 7.71875], "texture": "#0"},
				"west": {"uv": [0.25, 12.375, 0.28125, 12.59375], "texture": "#0"},
				"up": {"uv": [3.125, 12.78125, 3, 12.75], "texture": "#0"},
				"down": {"uv": [12.875, 3, 12.75, 3.03125], "texture": "#0"}
			}
		},
		{
			"from": [7.55, 3.70976, -2.43523],
			"to": [8.45, 4.08476, -2.11023],
			"rotation": {"angle": -45, "axis": "x", "origin": [8, 4.23491, -1.99507]},
			"faces": {
				"north": {"uv": [8.75, 12.125, 8.875, 12.1875], "texture": "#0"},
				"east": {"uv": [13.125, 10.25, 13.15625, 10.3125], "texture": "#0"},
				"south": {"uv": [12.125, 8.75, 12.25, 8.8125], "texture": "#0"},
				"west": {"uv": [10.375, 13.125, 10.40625, 13.1875], "texture": "#0"},
				"up": {"uv": [3.25, 12.78125, 3.125, 12.75], "texture": "#0"},
				"down": {"uv": [3.375, 12.75, 3.25, 12.78125], "texture": "#0"}
			}
		},
		{
			"from": [7.55, 3.55, -1.51],
			"to": [8.45, 4.025, -0.16],
			"rotation": {"angle": 0, "axis": "y", "origin": [9.35216, -1.48591, 11.4375]},
			"faces": {
				"north": {"uv": [8.875, 12.125, 9, 12.1875], "texture": "#0"},
				"east": {"uv": [12, 2.625, 12.15625, 2.6875], "texture": "#0"},
				"south": {"uv": [12.125, 8.875, 12.25, 8.9375], "texture": "#0"},
				"west": {"uv": [2.75, 12, 2.90625, 12.0625], "texture": "#0"},
				"up": {"uv": [11.375, 5.78125, 11.25, 5.625], "texture": "#0"},
				"down": {"uv": [5.875, 11.25, 5.75, 11.40625], "texture": "#0"}
			}
		},
		{
			"from": [7.55, 5.3, -1.51],
			"to": [8.45, 5.775, -0.16],
			"rotation": {"angle": 0, "axis": "y", "origin": [9.35216, -1.48591, 11.4375]},
			"faces": {
				"north": {"uv": [9, 12.125, 9.125, 12.1875], "texture": "#0"},
				"east": {"uv": [12, 2.75, 12.15625, 2.8125], "texture": "#0"},
				"south": {"uv": [12.125, 9, 12.25, 9.0625], "texture": "#0"},
				"west": {"uv": [3.125, 12, 3.28125, 12.0625], "texture": "#0"},
				"up": {"uv": [6, 11.40625, 5.875, 11.25], "texture": "#0"},
				"down": {"uv": [11.375, 5.875, 11.25, 6.03125], "texture": "#0"}
			}
		},
		{
			"from": [7.55, 3.55, -0.16],
			"to": [8.45, 5.775, 12.215],
			"rotation": {"angle": 0, "axis": "y", "origin": [9.35216, -1.48591, 11.4375]},
			"faces": {
				"north": {"uv": [4.625, 10.375, 4.75, 10.65625], "texture": "#0"},
				"east": {"uv": [3.5, 0.875, 5.03125, 1.15625], "texture": "#0"},
				"south": {"uv": [4.75, 10.375, 4.875, 10.65625], "texture": "#0"},
				"west": {"uv": [3.5, 1.25, 5.03125, 1.53125], "texture": "#0"},
				"up": {"uv": [3.75, 6.90625, 3.625, 5.375], "texture": "#0"},
				"down": {"uv": [0.875, 5.5, 0.75, 7.03125], "texture": "#0"}
			}
		},
		{
			"from": [7.55, 5.3, -1.21],
			"to": [8.45, 5.775, -0.435],
			"rotation": {"angle": -45, "axis": "x", "origin": [8, 4.6625, -0.835]},
			"faces": {
				"north": {"uv": [9.125, 12.125, 9.25, 12.1875], "texture": "#0"},
				"east": {"uv": [7.75, 12.375, 7.84375, 12.4375], "texture": "#0"},
				"south": {"uv": [9.25, 12.125, 9.375, 12.1875], "texture": "#0"},
				"west": {"uv": [12.375, 7.875, 12.46875, 7.9375], "texture": "#0"},
				"up": {"uv": [11.875, 6.71875, 11.75, 6.625], "texture": "#0"},
				"down": {"uv": [11.875, 6.75, 11.75, 6.84375], "texture": "#0"}
			}
		},
		{
			"from": [7.55, 3.55, -1.21],
			"to": [8.45, 4.025, -0.435],
			"rotation": {"angle": -45, "axis": "x", "origin": [8, 4.6625, -0.835]},
			"faces": {
				"north": {"uv": [12.125, 9.25, 12.25, 9.3125], "texture": "#0"},
				"east": {"uv": [8, 12.375, 8.09375, 12.4375], "texture": "#0"},
				"south": {"uv": [9.375, 12.125, 9.5, 12.1875], "texture": "#0"},
				"west": {"uv": [12.375, 8, 12.46875, 8.0625], "texture": "#0"},
				"up": {"uv": [11.875, 6.96875, 11.75, 6.875], "texture": "#0"},
				"down": {"uv": [11.875, 7, 11.75, 7.09375], "texture": "#0"}
			}
		},
		{
			"from": [7.55, 4.28384, -1.93866],
			"to": [8.45, 5.05884, -1.46366],
			"rotation": {"angle": -45, "axis": "x", "origin": [8, 4.67134, -0.82616]},
			"faces": {
				"north": {"uv": [11.75, 7.125, 11.875, 7.21875], "texture": "#0"},
				"east": {"uv": [12.375, 8.125, 12.4375, 8.21875], "texture": "#0"},
				"south": {"uv": [7.25, 11.75, 7.375, 11.84375], "texture": "#0"},
				"west": {"uv": [12.375, 8.25, 12.4375, 8.34375], "texture": "#0"},
				"up": {"uv": [12.25, 9.4375, 12.125, 9.375], "texture": "#0"},
				"down": {"uv": [9.625, 12.125, 9.5, 12.1875], "texture": "#0"}
			}
		},
		{
			"from": [7.55, 4.28384, -0.18866],
			"to": [8.45, 5.05884, 0.28634],
			"rotation": {"angle": -45, "axis": "x", "origin": [8, 4.67134, -0.82616]},
			"faces": {
				"north": {"uv": [11.75, 7.25, 11.875, 7.34375], "texture": "#0"},
				"east": {"uv": [12.375, 8.375, 12.4375, 8.46875], "texture": "#0"},
				"south": {"uv": [11.75, 7.375, 11.875, 7.46875], "texture": "#0"},
				"west": {"uv": [12.375, 8.5, 12.4375, 8.59375], "texture": "#0"},
				"up": {"uv": [12.25, 9.5625, 12.125, 9.5], "texture": "#0"},
				"down": {"uv": [9.75, 12.125, 9.625, 12.1875], "texture": "#0"}
			}
		},
		{
			"from": [8.35, 4.075, 12.2],
			"to": [8.45, 5.3, 12.75],
			"rotation": {"angle": 0, "axis": "y", "origin": [7, 3.45, 12.2]},
			"faces": {
				"north": {"uv": [0.21875, 14.5, 0.725, 15.05938], "texture": "#0"},
				"east": {"uv": [0.21875, 14.5, 0.725, 15.05938], "texture": "#0"},
				"south": {"uv": [0.21875, 14.5, 0.725, 15.05938], "texture": "#0"},
				"west": {"uv": [0.21875, 14.5, 0.725, 15.05938], "texture": "#0"},
				"up": {"uv": [0.21875, 14.5, 0.725, 15.05938], "texture": "#0"},
				"down": {"uv": [0.21875, 14.5, 0.725, 15.05938], "texture": "#0"}
			}
		},
		{
			"from": [8.35, 3.9375, 12.0375],
			"to": [8.45, 4.4875, 12.6625],
			"rotation": {"angle": -22.5, "axis": "x", "origin": [8.4, 4.2125, 12.35]},
			"faces": {
				"north": {"uv": [0.21875, 14.5, 0.725, 15.05938], "texture": "#0"},
				"east": {"uv": [0.21875, 14.5, 0.725, 15.05938], "texture": "#0"},
				"south": {"uv": [0.21875, 14.5, 0.725, 15.05938], "texture": "#0"},
				"west": {"uv": [0.21875, 14.5, 0.725, 15.05938], "texture": "#0"},
				"up": {"uv": [0.21875, 14.5, 0.725, 15.05938], "texture": "#0"},
				"down": {"uv": [0.21875, 14.5, 0.725, 15.05938], "texture": "#0"}
			}
		},
		{
			"from": [8.35, 4.8875, 12.0375],
			"to": [8.45, 5.4375, 12.6625],
			"rotation": {"angle": 22.5, "axis": "x", "origin": [8.4, 5.1625, 12.35]},
			"faces": {
				"north": {"uv": [0.21875, 14.5, 0.725, 15.05938], "texture": "#0"},
				"east": {"uv": [0.21875, 14.5, 0.725, 15.05938], "texture": "#0"},
				"south": {"uv": [0.21875, 14.5, 0.725, 15.05938], "texture": "#0"},
				"west": {"uv": [0.21875, 14.5, 0.725, 15.05938], "texture": "#0"},
				"up": {"uv": [0.21875, 14.5, 0.725, 15.05938], "texture": "#0"},
				"down": {"uv": [0.21875, 14.5, 0.725, 15.05938], "texture": "#0"}
			}
		}
	],
	"display": {
		"thirdperson_righthand": {
			"rotation": [96, 0, 0],
			"translation": [-0.25, -3, 2.25],
			"scale": [0.69, 0.69, 0.69]
		},
		"thirdperson_lefthand": {
			"scale": [0, 0, 0]
		},
		"firstperson_righthand": {
			"rotation": [63, -4, 0],
			"translation": [10, -14, 2],
			"scale": [2.01, 2.01, 2.01]
		},
		"firstperson_lefthand": {
			"scale": [0, 0, 0]
		},
		"ground": {
			"translation": [0, 5.5, 1],
			"scale": [0.88, 0.88, 0.88]
		},
		"gui": {
			"rotation": [101, -45, 98],
			"translation": [-5, 0.5, 0],
			"scale": [1.18, 1.18, 1.18]
		},
		"head": {
			"scale": [0, 0, 0]
		},
		"fixed": {
			"rotation": [-90, -134, 90],
			"translation": [0.75, -6, -2],
			"scale": [1.39, 1.39, 1.39]
		}
	},
	"groups": [
		{
			"name": "group",
			"origin": [9.125, 5.3, 8.65],
			"color": 0,
			"children": [
				{
					"name": "group",
					"origin": [9.125, 5.3, 8.65],
					"color": 0,
					"children": [
						{
							"name": "group",
							"origin": [8, 10.27134, -9.02616],
							"color": 0,
							"children": [0, 1, 2, 3, 4, 5, 6, 7, 8, 9, 10, 11, 12, 13]
						},
						{
							"name": "group",
							"origin": [8, 8.82091, 18.75],
							"color": 0,
							"children": [
								{
									"name": "group",
									"origin": [8, 8.82091, 18.75],
									"color": 0,
									"children": []
								}
							]
						},
						{
							"name": "group",
							"origin": [8, 1.65703, -0.16115],
							"color": 0,
							"children": []
						}
					]
				}
			]
		},
		{
			"name": "octagon",
			"origin": [8, 8, 8],
			"color": 0,
			"children": []
		},
		{
			"name": "octagon",
			"origin": [8, 8, 8],
			"color": 0,
			"children": []
		},
		{
			"name": "group",
			"origin": [8, 5.6, 19.7144],
			"color": 0,
			"children": [
				{
					"name": "group",
					"origin": [8, 5.6, 19.7144],
					"color": 0,
					"children": []
				}
			]
		},
		{
			"name": "group",
			"origin": [8, 5.6, 19.7144],
			"color": 0,
			"children": [
				{
					"name": "group",
					"origin": [8, 5.6, 19.7144],
					"color": 0,
					"children": []
				}
			]
		},
		{
			"name": "octagon",
			"origin": [8, 8, 8],
			"color": 0,
			"children": []
		},
		{
			"name": "acog",
			"origin": [8, 8, 8],
			"color": 0,
			"children": [
				{
					"name": "hexadecagon",
					"origin": [8, 8, 8],
					"color": 0,
					"children": []
				},
				{
					"name": "octagon",
					"origin": [8, 8, 8],
					"color": 0,
					"children": [
						{
							"name": "octagon",
							"origin": [8, 8, 8],
							"color": 0,
							"children": [
								{
									"name": "group",
									"origin": [7.9875, 3.717, 15.78675],
									"color": 0,
									"children": []
								}
							]
						}
					]
				},
				{
					"name": "octagon",
					"origin": [8, 8, 8],
					"color": 0,
					"children": [
						{
							"name": "octagon",
							"origin": [8, 8, 8],
							"color": 0,
							"children": []
						}
					]
				}
			]
		}
	]
}