{
	"credit": "Made with Blockbench",
	"texture_size": [64, 64],
	"textures": {
		"0": "item/knife_textures/karambit/karambit",
		"particle": "item/knife_textures/karambit/karambit"
	},
	"elements": [
		{
			"from": [7, 5, 7],
			"to": [8, 7, 8.25],
			"rotation": {"angle": -22.5, "axis": "x", "origin": [7.5, 6, 7]},
			"faces": {
				"north": {"uv": [3.75, 1, 4, 1.5], "texture": "#0"},
				"east": {"uv": [0.75, 4.5, 1, 5], "texture": "#0"},
				"south": {"uv": [1, 4.5, 1.25, 5], "texture": "#0"},
				"west": {"uv": [4.5, 1, 4.75, 1.5], "texture": "#0"},
				"up": {"uv": [1.25, 6.5, 1, 6.25], "texture": "#0"},
				"down": {"uv": [1.5, 6.25, 1.25, 6.5], "texture": "#0"}
			}
		},
		{
			"from": [6.95, 4.16418, 6.80242],
			"to": [8.05, 6.16418, 7.60242],
			"rotation": {"angle": -45, "axis": "x", "origin": [6.5, 6.23918, 7.57742]},
			"faces": {
				"north": {"uv": [6, 5.75, 6.25, 6.25], "texture": "#0"},
				"east": {"uv": [0, 6.25, 0.25, 6.75], "texture": "#0"},
				"south": {"uv": [6.25, 0, 6.5, 0.5], "texture": "#0"},
				"west": {"uv": [0.25, 6.25, 0.5, 6.75], "texture": "#0"},
				"up": {"uv": [8.5, 2.75, 8.25, 2.5], "texture": "#0"},
				"down": {"uv": [3, 8.25, 2.75, 8.5], "texture": "#0"}
			}
		},
		{
			"from": [6.95, 3.04182, 8.74446],
			"to": [8.05, 3.84182, 9.54446],
			"rotation": {"angle": -22.5, "axis": "x", "origin": [7.5, 3.51682, 9.66946]},
			"faces": {
				"north": {"uv": [8.25, 3, 8.5, 3.25], "texture": "#0"},
				"east": {"uv": [3.25, 8.25, 3.5, 8.5], "texture": "#0"},
				"south": {"uv": [8.25, 3.25, 8.5, 3.5], "texture": "#0"},
				"west": {"uv": [3.5, 8.25, 3.75, 8.5], "texture": "#0"},
				"up": {"uv": [8.5, 3.75, 8.25, 3.5], "texture": "#0"},
				"down": {"uv": [4, 8.25, 3.75, 8.5], "texture": "#0"}
			}
		},
		{
			"from": [6.95, 3.24662, 8.63812],
			"to": [8.05, 3.82162, 9.21312],
			"rotation": {"angle": 22.5, "axis": "x", "origin": [7.5, 3.24662, 9.21312]},
			"faces": {
				"north": {"uv": [8.25, 5, 8.5, 5.25], "texture": "#0"},
				"east": {"uv": [5.25, 8.25, 5.5, 8.5], "texture": "#0"},
				"south": {"uv": [8.25, 5.25, 8.5, 5.5], "texture": "#0"},
				"west": {"uv": [5.5, 8.25, 5.75, 8.5], "texture": "#0"},
				"up": {"uv": [8.5, 5.75, 8.25, 5.5], "texture": "#0"},
				"down": {"uv": [6, 8.25, 5.75, 8.5], "texture": "#0"}
			}
		},
		{
			"from": [6.95, 0.13139, 8.93658],
			"to": [8.05, 3.03139, 9.73658],
			"rotation": {"angle": 0, "axis": "x", "origin": [7.5, 3.43139, 9.13658]},
			"faces": {
				"north": {"uv": [4.25, 3.25, 4.5, 4], "texture": "#0"},
				"east": {"uv": [3.5, 4.25, 3.75, 5], "texture": "#0"},
				"south": {"uv": [3.75, 4.25, 4, 5], "texture": "#0"},
				"west": {"uv": [4, 4.25, 4.25, 5], "texture": "#0"},
				"up": {"uv": [8.5, 4, 8.25, 3.75], "texture": "#0"},
				"down": {"uv": [4.25, 8.25, 4, 8.5], "texture": "#0"}
			}
		},
		{
			"from": [6.95, -2.51861, 9.46158],
			"to": [8.05, 0.38139, 10.26158],
			"rotation": {"angle": 22.5, "axis": "x", "origin": [7.5, 1.58139, 9.33658]},
			"faces": {
				"north": {"uv": [4.25, 4.25, 4.5, 5], "texture": "#0"},
				"east": {"uv": [4.5, 0, 4.75, 0.75], "texture": "#0"},
				"south": {"uv": [0.25, 4.5, 0.5, 5.25], "texture": "#0"},
				"west": {"uv": [0.5, 4.5, 0.75, 5.25], "texture": "#0"},
				"up": {"uv": [8.5, 4.25, 8.25, 4], "texture": "#0"},
				"down": {"uv": [4.5, 8.25, 4.25, 8.5], "texture": "#0"}
			}
		},
		{
			"from": [6.95, -2.3678, 7.50751],
			"to": [8.05, -1.8178, 8.05751],
			"rotation": {"angle": -22.5, "axis": "x", "origin": [7.5, -1.0678, 8.80751]},
			"faces": {
				"north": {"uv": [8.25, 4.25, 8.5, 4.5], "texture": "#0"},
				"east": {"uv": [4.5, 8.25, 4.75, 8.5], "texture": "#0"},
				"south": {"uv": [8.25, 4.5, 8.5, 4.75], "texture": "#0"},
				"west": {"uv": [4.75, 8.25, 5, 8.5], "texture": "#0"},
				"up": {"uv": [8.5, 5, 8.25, 4.75], "texture": "#0"},
				"down": {"uv": [5.25, 8.25, 5, 8.5], "texture": "#0"}
			}
		},
		{
			"from": [6.95, 4.46387, 6.8474],
			"to": [8.05, 5.26387, 8.8474],
			"rotation": {"angle": 22.5, "axis": "x", "origin": [7.5, 5.21387, 8.0724]},
			"faces": {
				"north": {"uv": [8.25, 2.75, 8.5, 3], "texture": "#0"},
				"east": {"uv": [6, 5.25, 6.5, 5.5], "texture": "#0"},
				"south": {"uv": [3, 8.25, 3.25, 8.5], "texture": "#0"},
				"west": {"uv": [6.25, 0.5, 6.75, 0.75], "texture": "#0"},
				"up": {"uv": [0.75, 6.75, 0.5, 6.25], "texture": "#0"},
				"down": {"uv": [6.5, 0.75, 6.25, 1.25], "texture": "#0"}
			}
		},
		{
			"from": [6.95, 5.00105, 5.99843],
			"to": [8.05, 5.85105, 7.62343],
			"rotation": {"angle": -45, "axis": "x", "origin": [6.5, 5.25105, 6.49843]},
			"faces": {
				"north": {"uv": [8.25, 2.25, 8.5, 2.5], "texture": "#0"},
				"east": {"uv": [6, 1.75, 6.5, 2], "texture": "#0"},
				"south": {"uv": [2.5, 8.25, 2.75, 8.5], "texture": "#0"},
				"west": {"uv": [6, 2.5, 6.5, 2.75], "texture": "#0"},
				"up": {"uv": [5.5, 6.5, 5.25, 6], "texture": "#0"},
				"down": {"uv": [5.75, 6, 5.5, 6.5], "texture": "#0"}
			}
		},
		{
			"from": [6.95, 4.65826, 5.89566],
			"to": [8.05, 5.00826, 6.69566],
			"rotation": {"angle": 22.5, "axis": "x", "origin": [7.5, 5.59576, 6.59566]},
			"faces": {
				"north": {"uv": [5.75, 8.5, 6, 8.75], "texture": "#0"},
				"east": {"uv": [8.5, 5.75, 8.75, 6], "texture": "#0"},
				"south": {"uv": [6, 8.5, 6.25, 8.75], "texture": "#0"},
				"west": {"uv": [8.5, 6, 8.75, 6.25], "texture": "#0"},
				"up": {"uv": [6.5, 8.75, 6.25, 8.5], "texture": "#0"},
				"down": {"uv": [8.75, 6.25, 8.5, 6.5], "texture": "#0"}
			}
		},
		{
			"from": [6.95, 5.05, 5.875],
			"to": [8.05, 5.875, 7.075],
			"rotation": {"angle": -22.5, "axis": "x", "origin": [6.5, 6, 7]},
			"faces": {
				"north": {"uv": [8.25, 1.5, 8.5, 1.75], "texture": "#0"},
				"east": {"uv": [1.75, 8.25, 2, 8.5], "texture": "#0"},
				"south": {"uv": [8.25, 1.75, 8.5, 2], "texture": "#0"},
				"west": {"uv": [2, 8.25, 2.25, 8.5], "texture": "#0"},
				"up": {"uv": [8.5, 2.25, 8.25, 2], "texture": "#0"},
				"down": {"uv": [2.5, 8.25, 2.25, 8.5], "texture": "#0"}
			}
		},
		{
			"from": [6.95, 5.05, 7.05],
			"to": [8.05, 6.485, 8.05],
			"rotation": {"angle": -22.5, "axis": "x", "origin": [6.5, 6, 7]},
			"faces": {
				"north": {"uv": [8.25, 0.75, 8.5, 1], "texture": "#0"},
				"east": {"uv": [1, 8.25, 1.25, 8.5], "texture": "#0"},
				"south": {"uv": [8.25, 1, 8.5, 1.25], "texture": "#0"},
				"west": {"uv": [1.25, 8.25, 1.5, 8.5], "texture": "#0"},
				"up": {"uv": [8.5, 1.5, 8.25, 1.25], "texture": "#0"},
				"down": {"uv": [1.75, 8.25, 1.5, 8.5], "texture": "#0"}
			}
		},
		{
			"from": [7, 4.16418, 6.52742],
			"to": [8, 6.16418, 7.77742],
			"rotation": {"angle": -45, "axis": "x", "origin": [7.5, 6.23918, 7.57742]},
			"faces": {
				"north": {"uv": [1.75, 4.75, 2, 5.25], "texture": "#0"},
				"east": {"uv": [4.75, 2, 5, 2.5], "texture": "#0"},
				"south": {"uv": [2.25, 4.75, 2.5, 5.25], "texture": "#0"},
				"west": {"uv": [2.5, 4.75, 2.75, 5.25], "texture": "#0"},
				"up": {"uv": [6.5, 5, 6.25, 4.75], "texture": "#0"},
				"down": {"uv": [6.5, 5, 6.25, 5.25], "texture": "#0"}
			}
		},
		{
			"from": [7, 2.4885, 7.795],
			"to": [8, 4.4885, 8.995],
			"rotation": {"angle": -22.5, "axis": "x", "origin": [7.5, 5.17852, 8.03704]},
			"faces": {
				"north": {"uv": [4.75, 2.75, 5, 3.25], "texture": "#0"},
				"east": {"uv": [4.75, 3.25, 5, 3.75], "texture": "#0"},
				"south": {"uv": [4.75, 4, 5, 4.5], "texture": "#0"},
				"west": {"uv": [4.5, 4.75, 4.75, 5.25], "texture": "#0"},
				"up": {"uv": [6.5, 5.75, 6.25, 5.5], "texture": "#0"},
				"down": {"uv": [6, 6.25, 5.75, 6.5], "texture": "#0"}
			}
		},
		{
			"from": [7, 4.05413, 8.51449],
			"to": [8, 4.85413, 8.83949],
			"rotation": {"angle": -45, "axis": "x", "origin": [7.5, 3.75413, 9.01449]},
			"faces": {
				"north": {"uv": [6.75, 5.5, 7, 5.75], "texture": "#0"},
				"east": {"uv": [5.75, 6.75, 6, 7], "texture": "#0"},
				"south": {"uv": [6.75, 5.75, 7, 6], "texture": "#0"},
				"west": {"uv": [6, 6.75, 6.25, 7], "texture": "#0"},
				"up": {"uv": [7, 6.25, 6.75, 6], "texture": "#0"},
				"down": {"uv": [6.5, 6.75, 6.25, 7], "texture": "#0"}
			}
		},
		{
			"from": [7.25, 2.1885, 6.92],
			"to": [7.75, 4.4885, 8.02],
			"rotation": {"angle": -22.5, "axis": "x", "origin": [7.5, 5.17852, 8.03704]},
			"faces": {
				"north": {"uv": [5, 1.5, 5.25, 2], "texture": "#0"},
				"east": {"uv": [2, 5, 2.25, 5.5], "texture": "#0"},
				"south": {"uv": [5, 2, 5.25, 2.5], "texture": "#0"},
				"west": {"uv": [5, 2.5, 5.25, 3], "texture": "#0"},
				"up": {"uv": [4.75, 6.75, 4.5, 6.5], "texture": "#0"},
				"down": {"uv": [6.75, 4.5, 6.5, 4.75], "texture": "#0"}
			}
		},
		{
			"from": [7.25, 6.73161, 5.5883],
			"to": [7.75, 9.63161, 6.6883],
			"rotation": {"angle": -45, "axis": "x", "origin": [7.5, 8.40661, 6.4133]},
			"faces": {
				"north": {"uv": [3.25, 0, 3.5, 0.75], "texture": "#0"},
				"east": {"uv": [3.25, 1.5, 3.5, 2.25], "texture": "#0"},
				"south": {"uv": [1.75, 3.25, 2, 4], "texture": "#0"},
				"west": {"uv": [2, 3.25, 2.25, 4], "texture": "#0"},
				"up": {"uv": [8, 6.25, 7.75, 6], "texture": "#0"},
				"down": {"uv": [6.5, 7.75, 6.25, 8], "texture": "#0"}
			}
		},
		{
			"from": [7.25, 8.85618, 2.72482],
			"to": [7.75, 9.95618, 5.79982],
			"rotation": {"angle": 22.5, "axis": "x", "origin": [7.5, 9.85618, 4.57482]},
			"faces": {
				"north": {"uv": [7.75, 6.25, 8, 6.5], "texture": "#0"},
				"east": {"uv": [3, 2.25, 3.75, 2.5], "texture": "#0"},
				"south": {"uv": [6.5, 7.75, 6.75, 8], "texture": "#0"},
				"west": {"uv": [3.25, 0.75, 4, 1], "texture": "#0"},
				"up": {"uv": [2.5, 4, 2.25, 3.25], "texture": "#0"},
				"down": {"uv": [2.75, 3.25, 2.5, 4], "texture": "#0"}
			}
		},
		{
			"from": [7.25, 5.03842, 4.07704],
			"to": [7.75, 6.18842, 6.90204],
			"rotation": {"angle": -45, "axis": "x", "origin": [7.5, 5.72592, 5.70204]},
			"faces": {
				"north": {"uv": [7.75, 7.5, 8, 7.75], "texture": "#0"},
				"east": {"uv": [3.5, 2, 4.25, 2.25], "texture": "#0"},
				"south": {"uv": [7.75, 7.75, 8, 8], "texture": "#0"},
				"west": {"uv": [3.75, 0, 4.5, 0.25], "texture": "#0"},
				"up": {"uv": [0.5, 4.5, 0.25, 3.75], "texture": "#0"},
				"down": {"uv": [0.75, 3.75, 0.5, 4.5], "texture": "#0"}
			}
		},
		{
			"from": [7.35, 6.18842, 4.50204],
			"to": [7.65, 9.53842, 6.90204],
			"rotation": {"angle": -45, "axis": "x", "origin": [7.5, 5.72592, 5.70204]},
			"faces": {
				"north": {"uv": [2.75, 3.75, 3, 4.5], "texture": "#0"},
				"east": {"uv": [0, 1, 0.5, 1.75], "texture": "#0"},
				"south": {"uv": [3, 3.75, 3.25, 4.5], "texture": "#0"},
				"west": {"uv": [0.5, 1, 1, 1.75], "texture": "#0"},
				"up": {"uv": [6.25, 1, 6, 0.5], "texture": "#0"},
				"down": {"uv": [1, 6, 0.75, 6.5], "texture": "#0"}
			}
		},
		{
			"from": [7.35, 5.03736, 3.3656],
			"to": [7.65, 8.38736, 5.7656],
			"rotation": {"angle": -22.5, "axis": "x", "origin": [7.5, 7.23736, 4.1906]},
			"faces": {
				"north": {"uv": [3.75, 3.5, 4, 4.25], "texture": "#0"},
				"east": {"uv": [1, 1, 1.5, 1.75], "texture": "#0"},
				"south": {"uv": [0, 4, 0.25, 4.75], "texture": "#0"},
				"west": {"uv": [1.25, 0, 1.75, 0.75], "texture": "#0"},
				"up": {"uv": [2.25, 6.5, 2, 6], "texture": "#0"},
				"down": {"uv": [3, 6, 2.75, 6.5], "texture": "#0"}
			}
		},
		{
			"from": [7.35, 6.74594, -1.20082],
			"to": [7.65, 8.74594, 3.52418],
			"rotation": {"angle": 22.5, "axis": "x", "origin": [7.5, 7.09594, 4.04918]},
			"faces": {
				"north": {"uv": [6, 1.25, 6.25, 1.75], "texture": "#0"},
				"east": {"uv": [0, 0, 1.25, 0.5], "texture": "#0"},
				"south": {"uv": [1.5, 6, 1.75, 6.5], "texture": "#0"},
				"west": {"uv": [0, 0.5, 1.25, 1], "texture": "#0"},
				"up": {"uv": [0.5, 3, 0.25, 1.75], "texture": "#0"},
				"down": {"uv": [0.75, 1.75, 0.5, 3], "texture": "#0"}
			}
		},
		{
			"from": [7.35, 8.87764, -3.30637],
			"to": [7.65, 9.52764, -2.73137],
			"rotation": {"angle": 22.5, "axis": "x", "origin": [7.5, 8.55264, -3.19387]},
			"faces": {
				"north": {"uv": [1.5, 8, 1.75, 8.25], "texture": "#0"},
				"east": {"uv": [8, 1.5, 8.25, 1.75], "texture": "#0"},
				"south": {"uv": [1.75, 8, 2, 8.25], "texture": "#0"},
				"west": {"uv": [8, 1.75, 8.25, 2], "texture": "#0"},
				"up": {"uv": [2.25, 8.25, 2, 8], "texture": "#0"},
				"down": {"uv": [8.25, 2, 8, 2.25], "texture": "#0"}
			}
		},
		{
			"from": [7.35, 8.95264, -2.73137],
			"to": [7.65, 9.52764, -2.55637],
			"rotation": {"angle": 22.5, "axis": "x", "origin": [7.5, 8.55264, -3.19387]},
			"faces": {
				"north": {"uv": [2.25, 8, 2.5, 8.25], "texture": "#0"},
				"east": {"uv": [8, 2.25, 8.25, 2.5], "texture": "#0"},
				"south": {"uv": [2.5, 8, 2.75, 8.25], "texture": "#0"},
				"west": {"uv": [8, 2.5, 8.25, 2.75], "texture": "#0"},
				"up": {"uv": [3, 8.25, 2.75, 8], "texture": "#0"},
				"down": {"uv": [8.25, 2.75, 8, 3], "texture": "#0"}
			}
		},
		{
			"from": [7.35, 8.81269, -3.48461],
			"to": [7.65, 9.38769, -3.05961],
			"rotation": {"angle": 45, "axis": "x", "origin": [7.5, 8.72519, -3.44711]},
			"faces": {
				"north": {"uv": [3, 8, 3.25, 8.25], "texture": "#0"},
				"east": {"uv": [8, 3, 8.25, 3.25], "texture": "#0"},
				"south": {"uv": [3.25, 8, 3.5, 8.25], "texture": "#0"},
				"west": {"uv": [8, 3.25, 8.25, 3.5], "texture": "#0"},
				"up": {"uv": [3.75, 8.25, 3.5, 8], "texture": "#0"},
				"down": {"uv": [8.25, 3.5, 8, 3.75], "texture": "#0"}
			}
		},
		{
			"from": [7.35, 8.15264, -2.73137],
			"to": [7.65, 9.57764, 1.24363],
			"rotation": {"angle": 0, "axis": "y", "origin": [7.5, 8.36514, 2.19363]},
			"faces": {
				"north": {"uv": [1.25, 8, 1.5, 8.25], "texture": "#0"},
				"east": {"uv": [2.75, 2.5, 3.75, 2.75], "texture": "#0"},
				"south": {"uv": [8, 1.25, 8.25, 1.5], "texture": "#0"},
				"west": {"uv": [2.75, 2.75, 3.75, 3], "texture": "#0"},
				"up": {"uv": [0.25, 4, 0, 3], "texture": "#0"},
				"down": {"uv": [3.25, 0, 3, 1], "texture": "#0"}
			}
		},
		{
			"from": [7.35, 8.48981, -5.33863],
			"to": [7.65, 9.08981, -2.33863],
			"rotation": {"angle": -45, "axis": "x", "origin": [7.5, 8.61481, -2.42613]},
			"faces": {
				"north": {"uv": [5.75, 8, 6, 8.25], "texture": "#0"},
				"east": {"uv": [4, 4, 4.75, 4.25], "texture": "#0"},
				"south": {"uv": [8, 5.75, 8.25, 6], "texture": "#0"},
				"west": {"uv": [4.25, 0.75, 5, 1], "texture": "#0"},
				"up": {"uv": [4.5, 1.75, 4.25, 1], "texture": "#0"},
				"down": {"uv": [1.75, 4.25, 1.5, 5], "texture": "#0"}
			}
		},
		{
			"from": [7.35, 8.48981, -6.21363],
			"to": [7.65, 8.73981, -5.26363],
			"rotation": {"angle": -45, "axis": "x", "origin": [7.5, 8.61481, -2.42613]},
			"faces": {
				"north": {"uv": [7.25, 8, 7.5, 8.25], "texture": "#0"},
				"east": {"uv": [8, 7.25, 8.25, 7.5], "texture": "#0"},
				"south": {"uv": [7.5, 8, 7.75, 8.25], "texture": "#0"},
				"west": {"uv": [8, 7.5, 8.25, 7.75], "texture": "#0"},
				"up": {"uv": [8, 8.25, 7.75, 8], "texture": "#0"},
				"down": {"uv": [8.25, 7.75, 8, 8], "texture": "#0"}
			}
		},
		{
			"from": [7.35, 8.48981, -6.71363],
			"to": [7.65, 8.53981, -5.81363],
			"rotation": {"angle": -45, "axis": "x", "origin": [7.5, 8.61481, -2.42613]},
			"faces": {
				"north": {"uv": [8.25, 8, 8.5, 8.25], "texture": "#0"},
				"east": {"uv": [8.25, 8.25, 8.5, 8.5], "texture": "#0"},
				"south": {"uv": [0, 8.5, 0.25, 8.75], "texture": "#0"},
				"west": {"uv": [8.5, 0, 8.75, 0.25], "texture": "#0"},
				"up": {"uv": [0.5, 8.75, 0.25, 8.5], "texture": "#0"},
				"down": {"uv": [8.75, 0.25, 8.5, 0.5], "texture": "#0"}
			}
		},
		{
			"from": [7.35, 5.79752, -5.06842],
			"to": [7.65, 6.74752, -4.84342],
			"rotation": {"angle": 22.5, "axis": "x", "origin": [7.5, 6.27252, -4.76842]},
			"faces": {
				"north": {"uv": [8.25, 6.5, 8.5, 6.75], "texture": "#0"},
				"east": {"uv": [6.75, 8.25, 7, 8.5], "texture": "#0"},
				"south": {"uv": [8.25, 6.75, 8.5, 7], "texture": "#0"},
				"west": {"uv": [7, 8.25, 7.25, 8.5], "texture": "#0"},
				"up": {"uv": [8.5, 7.25, 8.25, 7], "texture": "#0"},
				"down": {"uv": [7.5, 8.25, 7.25, 8.5], "texture": "#0"}
			}
		},
		{
			"from": [7.35, 5.34752, -5.06842],
			"to": [7.65, 5.79752, -5.04342],
			"rotation": {"angle": 22.5, "axis": "x", "origin": [7.5, 6.27252, -4.76842]},
			"faces": {
				"north": {"uv": [8.25, 7.25, 8.5, 7.5], "texture": "#0"},
				"east": {"uv": [7.5, 8.25, 7.75, 8.5], "texture": "#0"},
				"south": {"uv": [8.25, 7.5, 8.5, 7.75], "texture": "#0"},
				"west": {"uv": [7.75, 8.25, 8, 8.5], "texture": "#0"},
				"up": {"uv": [8.5, 8, 8.25, 7.75], "texture": "#0"},
				"down": {"uv": [8.25, 8.25, 8, 8.5], "texture": "#0"}
			}
		},
		{
			"from": [7.35, 5.37252, -5.04342],
			"to": [7.65, 5.62252, -5.01842],
			"rotation": {"angle": 22.5, "axis": "x", "origin": [7.5, 6.27252, -4.76842]},
			"faces": {
				"north": {"uv": [2, 8.5, 2.25, 8.75], "texture": "#0"},
				"east": {"uv": [8.5, 2, 8.75, 2.25], "texture": "#0"},
				"south": {"uv": [2.25, 8.5, 2.5, 8.75], "texture": "#0"},
				"west": {"uv": [8.5, 2.25, 8.75, 2.5], "texture": "#0"},
				"up": {"uv": [2.75, 8.75, 2.5, 8.5], "texture": "#0"},
				"down": {"uv": [8.75, 2.5, 8.5, 2.75], "texture": "#0"}
			}
		},
		{
			"from": [7.35, 5.42252, -5.01842],
			"to": [7.65, 5.62252, -4.99342],
			"rotation": {"angle": 22.5, "axis": "x", "origin": [7.5, 6.27252, -4.76842]},
			"faces": {
				"north": {"uv": [2.75, 8.5, 3, 8.75], "texture": "#0"},
				"east": {"uv": [8.5, 2.75, 8.75, 3], "texture": "#0"},
				"south": {"uv": [3, 8.5, 3.25, 8.75], "texture": "#0"},
				"west": {"uv": [8.5, 3, 8.75, 3.25], "texture": "#0"},
				"up": {"uv": [3.5, 8.75, 3.25, 8.5], "texture": "#0"},
				"down": {"uv": [8.75, 3.25, 8.5, 3.5], "texture": "#0"}
			}
		},
		{
			"from": [7.35, 5.49752, -4.99342],
			"to": [7.65, 5.62252, -4.96842],
			"rotation": {"angle": 22.5, "axis": "x", "origin": [7.5, 6.27252, -4.76842]},
			"faces": {
				"north": {"uv": [3.5, 8.5, 3.75, 8.75], "texture": "#0"},
				"east": {"uv": [8.5, 3.5, 8.75, 3.75], "texture": "#0"},
				"south": {"uv": [3.75, 8.5, 4, 8.75], "texture": "#0"},
				"west": {"uv": [8.5, 3.75, 8.75, 4], "texture": "#0"},
				"up": {"uv": [4.25, 8.75, 4, 8.5], "texture": "#0"},
				"down": {"uv": [8.75, 4, 8.5, 4.25], "texture": "#0"}
			}
		},
		{
			"from": [7.35, 5.57252, -4.96842],
			"to": [7.65, 5.62252, -4.94342],
			"rotation": {"angle": 22.5, "axis": "x", "origin": [7.5, 6.27252, -4.76842]},
			"faces": {
				"north": {"uv": [4.25, 8.5, 4.5, 8.75], "texture": "#0"},
				"east": {"uv": [8.5, 4.25, 8.75, 4.5], "texture": "#0"},
				"south": {"uv": [4.5, 8.5, 4.75, 8.75], "texture": "#0"},
				"west": {"uv": [8.5, 4.5, 8.75, 4.75], "texture": "#0"},
				"up": {"uv": [5, 8.75, 4.75, 8.5], "texture": "#0"},
				"down": {"uv": [8.75, 4.75, 8.5, 5], "texture": "#0"}
			}
		},
		{
			"from": [7.35, 5.62252, -5.04342],
			"to": [7.65, 5.79752, -4.91342],
			"rotation": {"angle": 22.5, "axis": "x", "origin": [7.5, 6.27252, -4.76842]},
			"faces": {
				"north": {"uv": [0.5, 8.5, 0.75, 8.75], "texture": "#0"},
				"east": {"uv": [8.5, 0.5, 8.75, 0.75], "texture": "#0"},
				"south": {"uv": [0.75, 8.5, 1, 8.75], "texture": "#0"},
				"west": {"uv": [8.5, 0.75, 8.75, 1], "texture": "#0"},
				"up": {"uv": [1.25, 8.75, 1, 8.5], "texture": "#0"},
				"down": {"uv": [8.75, 1, 8.5, 1.25], "texture": "#0"}
			}
		},
		{
			"from": [7.35, 5.72252, -4.94342],
			"to": [7.65, 5.79752, -4.86842],
			"rotation": {"angle": 22.5, "axis": "x", "origin": [7.5, 6.27252, -4.76842]},
			"faces": {
				"north": {"uv": [1.25, 8.5, 1.5, 8.75], "texture": "#0"},
				"east": {"uv": [8.5, 1.25, 8.75, 1.5], "texture": "#0"},
				"south": {"uv": [1.5, 8.5, 1.75, 8.75], "texture": "#0"},
				"west": {"uv": [8.5, 1.5, 8.75, 1.75], "texture": "#0"},
				"up": {"uv": [2, 8.75, 1.75, 8.5], "texture": "#0"},
				"down": {"uv": [8.75, 1.75, 8.5, 2], "texture": "#0"}
			}
		},
		{
			"from": [7.35, 8.66481, -5.83863],
			"to": [7.65, 8.91481, -5.26363],
			"rotation": {"angle": -45, "axis": "x", "origin": [7.5, 8.61481, -2.42613]},
			"faces": {
				"north": {"uv": [8, 8, 8.25, 8.25], "texture": "#0"},
				"east": {"uv": [0, 8.25, 0.25, 8.5], "texture": "#0"},
				"south": {"uv": [8.25, 0, 8.5, 0.25], "texture": "#0"},
				"west": {"uv": [0.25, 8.25, 0.5, 8.5], "texture": "#0"},
				"up": {"uv": [8.5, 0.5, 8.25, 0.25], "texture": "#0"},
				"down": {"uv": [0.75, 8.25, 0.5, 8.5], "texture": "#0"}
			}
		},
		{
			"from": [7.35, 6.71477, -4.24866],
			"to": [7.65, 8.18977, -3.67366],
			"rotation": {"angle": 22.5, "axis": "x", "origin": [7.5, 7.73977, -3.54866]},
			"faces": {
				"north": {"uv": [6.5, 8, 6.75, 8.25], "texture": "#0"},
				"east": {"uv": [8, 6.5, 8.25, 6.75], "texture": "#0"},
				"south": {"uv": [6.75, 8, 7, 8.25], "texture": "#0"},
				"west": {"uv": [8, 6.75, 8.25, 7], "texture": "#0"},
				"up": {"uv": [7.25, 8.25, 7, 8], "texture": "#0"},
				"down": {"uv": [8.25, 7, 8, 7.25], "texture": "#0"}
			}
		},
		{
			"from": [7.35, 7.43977, -4.37366],
			"to": [7.65, 8.03977, -1.12366],
			"rotation": {"angle": -22.5, "axis": "x", "origin": [7.5, 7.73977, -3.54866]},
			"faces": {
				"north": {"uv": [6.25, 8, 6.5, 8.25], "texture": "#0"},
				"east": {"uv": [4.25, 1.75, 5, 2], "texture": "#0"},
				"south": {"uv": [8, 6.25, 8.25, 6.5], "texture": "#0"},
				"west": {"uv": [2, 4.25, 2.75, 4.5], "texture": "#0"},
				"up": {"uv": [4.5, 3.25, 4.25, 2.5], "texture": "#0"},
				"down": {"uv": [3.5, 4.25, 3.25, 5], "texture": "#0"}
			}
		},
		{
			"from": [7.35, 8.77764, -2.45637],
			"to": [7.65, 10.20264, 0.44363],
			"rotation": {"angle": -22.5, "axis": "x", "origin": [7.5, 8.86514, -0.74387]},
			"faces": {
				"north": {"uv": [3.75, 8, 4, 8.25], "texture": "#0"},
				"east": {"uv": [3.75, 0.25, 4.5, 0.5], "texture": "#0"},
				"south": {"uv": [8, 3.75, 8.25, 4], "texture": "#0"},
				"west": {"uv": [3.75, 0.5, 4.5, 0.75], "texture": "#0"},
				"up": {"uv": [4.25, 1.5, 4, 0.75], "texture": "#0"},
				"down": {"uv": [2, 4, 1.75, 4.75], "texture": "#0"}
			}
		},
		{
			"from": [7.25, 4.40861, 4.55633],
			"to": [7.75, 7.90861, 5.70633],
			"rotation": {"angle": 22.5, "axis": "x", "origin": [7.5, 5.49611, 5.63133]},
			"faces": {
				"north": {"uv": [2, 1.25, 2.25, 2.25], "texture": "#0"},
				"east": {"uv": [2.25, 1.25, 2.5, 2.25], "texture": "#0"},
				"south": {"uv": [1.75, 2.25, 2, 3.25], "texture": "#0"},
				"west": {"uv": [2, 2.25, 2.25, 3.25], "texture": "#0"},
				"up": {"uv": [0.25, 8.25, 0, 8], "texture": "#0"},
				"down": {"uv": [8.25, 0, 8, 0.25], "texture": "#0"}
			}
		},
		{
			"from": [7.25, 5.34857, 4.6027],
			"to": [7.75, 8.84857, 5.7527],
			"rotation": {"angle": 0, "axis": "x", "origin": [7.5, 6.31107, 5.4277]},
			"faces": {
				"north": {"uv": [2.25, 2.25, 2.5, 3.25], "texture": "#0"},
				"east": {"uv": [2.5, 0, 2.75, 1], "texture": "#0"},
				"south": {"uv": [2.5, 1.25, 2.75, 2.25], "texture": "#0"},
				"west": {"uv": [1.5, 2.5, 1.75, 3.5], "texture": "#0"},
				"up": {"uv": [0.5, 8.25, 0.25, 8], "texture": "#0"},
				"down": {"uv": [8.25, 0.25, 8, 0.5], "texture": "#0"}
			}
		},
		{
			"from": [7.25, 5.34857, 4.4277],
			"to": [7.75, 9.64857, 5.7527],
			"rotation": {"angle": -22.5, "axis": "x", "origin": [7.5, 7.09857, 5.1777]},
			"faces": {
				"north": {"uv": [2.5, 2.25, 2.75, 3.25], "texture": "#0"},
				"east": {"uv": [2.75, 0, 3, 1], "texture": "#0"},
				"south": {"uv": [0.75, 2.75, 1, 3.75], "texture": "#0"},
				"west": {"uv": [1, 2.75, 1.25, 3.75], "texture": "#0"},
				"up": {"uv": [0.75, 8.25, 0.5, 8], "texture": "#0"},
				"down": {"uv": [8.25, 0.5, 8, 0.75], "texture": "#0"}
			}
		},
		{
			"from": [7.25, 7.39312, 4.47463],
			"to": [7.75, 10.86812, 5.82463],
			"rotation": {"angle": -45, "axis": "x", "origin": [7.5, 7.46812, 5.02463]},
			"faces": {
				"north": {"uv": [0.75, 3.75, 1, 4.5], "texture": "#0"},
				"east": {"uv": [1, 3.75, 1.25, 4.5], "texture": "#0"},
				"south": {"uv": [1.25, 3.75, 1.5, 4.5], "texture": "#0"},
				"west": {"uv": [3.75, 2.25, 4, 3], "texture": "#0"},
				"up": {"uv": [1, 8.25, 0.75, 8], "texture": "#0"},
				"down": {"uv": [8.25, 0.75, 8, 1], "texture": "#0"}
			}
		},
		{
			"from": [7.25, 8.35153, 0.37192],
			"to": [7.75, 9.22653, 4.49692],
			"rotation": {"angle": 22.5, "axis": "x", "origin": [7.5, 8.92653, 3.88442]},
			"faces": {
				"north": {"uv": [1, 8, 1.25, 8.25], "texture": "#0"},
				"east": {"uv": [2.75, 1, 3.75, 1.25], "texture": "#0"},
				"south": {"uv": [8, 1, 8.25, 1.25], "texture": "#0"},
				"west": {"uv": [2.75, 1.25, 3.75, 1.5], "texture": "#0"},
				"up": {"uv": [1.5, 3.75, 1.25, 2.75], "texture": "#0"},
				"down": {"uv": [3, 1.5, 2.75, 2.5], "texture": "#0"}
			}
		},
		{
			"from": [7.25, 9.58502, -0.1736],
			"to": [7.75, 10.66002, 2.9014],
			"rotation": {"angle": 0, "axis": "x", "origin": [7.5, 9.56002, 4.1139]},
			"faces": {
				"north": {"uv": [7.75, 6.5, 8, 6.75], "texture": "#0"},
				"east": {"uv": [3.25, 3, 4, 3.25], "texture": "#0"},
				"south": {"uv": [6.75, 7.75, 7, 8], "texture": "#0"},
				"west": {"uv": [3.25, 3.25, 4, 3.5], "texture": "#0"},
				"up": {"uv": [3.75, 0.75, 3.5, 0], "texture": "#0"},
				"down": {"uv": [1.75, 3.5, 1.5, 4.25], "texture": "#0"}
			}
		},
		{
			"from": [7.25, 9.81002, -3.0736],
			"to": [7.75, 10.03502, -0.0736],
			"rotation": {"angle": -22.5, "axis": "x", "origin": [7.5, 10.11002, -1.7111]},
			"faces": {
				"north": {"uv": [7.75, 6.75, 8, 7], "texture": "#0"},
				"east": {"uv": [3.5, 1.5, 4.25, 1.75], "texture": "#0"},
				"south": {"uv": [7, 7.75, 7.25, 8], "texture": "#0"},
				"west": {"uv": [3.5, 1.75, 4.25, 2], "texture": "#0"},
				"up": {"uv": [3.5, 4.25, 3.25, 3.5], "texture": "#0"},
				"down": {"uv": [3.75, 3.5, 3.5, 4.25], "texture": "#0"}
			}
		},
		{
			"from": [7.25, 9.26002, -3.4736],
			"to": [7.75, 9.83502, -0.0736],
			"rotation": {"angle": -22.5, "axis": "x", "origin": [7.5, 10.11002, -1.7111]},
			"faces": {
				"north": {"uv": [4, 8, 4.25, 8.25], "texture": "#0"},
				"east": {"uv": [2, 4, 2.75, 4.25], "texture": "#0"},
				"south": {"uv": [8, 4, 8.25, 4.25], "texture": "#0"},
				"west": {"uv": [4, 2.25, 4.75, 2.5], "texture": "#0"},
				"up": {"uv": [4.25, 3.25, 4, 2.5], "texture": "#0"},
				"down": {"uv": [4.25, 3.25, 4, 4], "texture": "#0"}
			}
		},
		{
			"from": [7.25, 10.41256, -4.85946],
			"to": [7.75, 10.63756, -2.85946],
			"rotation": {"angle": -45, "axis": "x", "origin": [7.5, 9.97506, -1.54696]},
			"faces": {
				"north": {"uv": [7.75, 7.25, 8, 7.5], "texture": "#0"},
				"east": {"uv": [5.75, 3, 6.25, 3.25], "texture": "#0"},
				"south": {"uv": [7.5, 7.75, 7.75, 8], "texture": "#0"},
				"west": {"uv": [5.75, 5.5, 6.25, 5.75], "texture": "#0"},
				"up": {"uv": [6, 6.25, 5.75, 5.75], "texture": "#0"},
				"down": {"uv": [6.25, 0, 6, 0.5], "texture": "#0"}
			}
		},
		{
			"from": [7.25, 5.67879, -4.05855],
			"to": [7.75, 7.85379, -3.78355],
			"rotation": {"angle": 22.5, "axis": "x", "origin": [7.5, 8.72879, -3.57105]},
			"faces": {
				"north": {"uv": [6, 3.25, 6.25, 3.75], "texture": "#0"},
				"east": {"uv": [6, 3.75, 6.25, 4.25], "texture": "#0"},
				"south": {"uv": [4, 6, 4.25, 6.5], "texture": "#0"},
				"west": {"uv": [4.25, 6, 4.5, 6.5], "texture": "#0"},
				"up": {"uv": [6.25, 8.25, 6, 8], "texture": "#0"},
				"down": {"uv": [8.25, 6, 8, 6.25], "texture": "#0"}
			}
		},
		{
			"from": [7.25, 6.18711, -5.50792],
			"to": [7.75, 6.37211, -5.30792],
			"rotation": {"angle": -22.5, "axis": "x", "origin": [7.5, 7.04961, -4.64542]},
			"faces": {
				"north": {"uv": [5, 8.5, 5.25, 8.75], "texture": "#0"},
				"east": {"uv": [8.5, 5, 8.75, 5.25], "texture": "#0"},
				"south": {"uv": [5.25, 8.5, 5.5, 8.75], "texture": "#0"},
				"west": {"uv": [8.5, 5.25, 8.75, 5.5], "texture": "#0"},
				"up": {"uv": [5.75, 8.75, 5.5, 8.5], "texture": "#0"},
				"down": {"uv": [8.75, 5.5, 8.5, 5.75], "texture": "#0"}
			}
		},
		{
			"from": [7.25, 7.47834, -5.01451],
			"to": [7.75, 9.35334, -4.73951],
			"rotation": {"angle": 45, "axis": "x", "origin": [7.5, 6.97834, -4.70201]},
			"faces": {
				"north": {"uv": [6, 4.25, 6.25, 4.75], "texture": "#0"},
				"east": {"uv": [4.75, 6, 5, 6.5], "texture": "#0"},
				"south": {"uv": [6, 4.75, 6.25, 5.25], "texture": "#0"},
				"west": {"uv": [5, 6, 5.25, 6.5], "texture": "#0"},
				"up": {"uv": [8.5, 0.75, 8.25, 0.5], "texture": "#0"},
				"down": {"uv": [1, 8.25, 0.75, 8.5], "texture": "#0"}
			}
		},
		{
			"from": [7.25, 10.06256, -4.08446],
			"to": [7.75, 10.46256, -2.85946],
			"rotation": {"angle": -45, "axis": "x", "origin": [7.5, 9.97506, -1.54696]},
			"faces": {
				"north": {"uv": [4.25, 8, 4.5, 8.25], "texture": "#0"},
				"east": {"uv": [8, 4.25, 8.25, 4.5], "texture": "#0"},
				"south": {"uv": [4.5, 8, 4.75, 8.25], "texture": "#0"},
				"west": {"uv": [8, 4.5, 8.25, 4.75], "texture": "#0"},
				"up": {"uv": [5, 8.25, 4.75, 8], "texture": "#0"},
				"down": {"uv": [8.25, 4.75, 8, 5], "texture": "#0"}
			}
		},
		{
			"from": [7.25, 8.41718, -4.02393],
			"to": [7.75, 8.81718, -2.79893],
			"rotation": {"angle": -22.5, "axis": "x", "origin": [7.5, 8.81718, -3.11143]},
			"faces": {
				"north": {"uv": [5, 8, 5.25, 8.25], "texture": "#0"},
				"east": {"uv": [8, 5, 8.25, 5.25], "texture": "#0"},
				"south": {"uv": [5.25, 8, 5.5, 8.25], "texture": "#0"},
				"west": {"uv": [8, 5.25, 8.25, 5.5], "texture": "#0"},
				"up": {"uv": [5.75, 8.25, 5.5, 8], "texture": "#0"},
				"down": {"uv": [8.25, 5.5, 8, 5.75], "texture": "#0"}
			}
		},
		{
			"from": [7.25, 9.03502, -4.9236],
			"to": [7.75, 9.26002, -0.0736],
			"rotation": {"angle": -22.5, "axis": "x", "origin": [7.5, 10.11002, -1.7111]},
			"faces": {
				"north": {"uv": [7.75, 7, 8, 7.25], "texture": "#0"},
				"east": {"uv": [1.25, 0.75, 2.5, 1], "texture": "#0"},
				"south": {"uv": [7.25, 7.75, 7.5, 8], "texture": "#0"},
				"west": {"uv": [1.5, 1, 2.75, 1.25], "texture": "#0"},
				"up": {"uv": [1.75, 2.5, 1.5, 1.25], "texture": "#0"},
				"down": {"uv": [0.25, 1.75, 0, 3], "texture": "#0"}
			}
		},
		{
			"from": [7.25, 2.06373, 7.70182],
			"to": [7.75, 4.36373, 8.72682],
			"rotation": {"angle": 0, "axis": "x", "origin": [7.5, 3.21373, 8.10182]},
			"faces": {
				"north": {"uv": [4.25, 5, 4.5, 5.5], "texture": "#0"},
				"east": {"uv": [4.75, 5, 5, 5.5], "texture": "#0"},
				"south": {"uv": [5, 5, 5.25, 5.5], "texture": "#0"},
				"west": {"uv": [0, 5.25, 0.25, 5.75], "texture": "#0"},
				"up": {"uv": [5.5, 6.75, 5.25, 6.5], "texture": "#0"},
				"down": {"uv": [6.75, 5.25, 6.5, 5.5], "texture": "#0"}
			}
		},
		{
			"from": [7.25, 1.76373, 8.00182],
			"to": [7.75, 3.68873, 9.10182],
			"rotation": {"angle": 22.5, "axis": "x", "origin": [7.5, 3.21373, 8.27682]},
			"faces": {
				"north": {"uv": [5.25, 0, 5.5, 0.5], "texture": "#0"},
				"east": {"uv": [0.25, 5.25, 0.5, 5.75], "texture": "#0"},
				"south": {"uv": [0.5, 5.25, 0.75, 5.75], "texture": "#0"},
				"west": {"uv": [1, 5.25, 1.25, 5.75], "texture": "#0"},
				"up": {"uv": [5.75, 6.75, 5.5, 6.5], "texture": "#0"},
				"down": {"uv": [6.75, 5.5, 6.5, 5.75], "texture": "#0"}
			}
		},
		{
			"from": [7.25, 1.5206, 8.09433],
			"to": [7.75, 1.8956, 8.41933],
			"rotation": {"angle": 45, "axis": "x", "origin": [7.5, 2.6581, 8.34433]},
			"faces": {
				"north": {"uv": [0.25, 7, 0.5, 7.25], "texture": "#0"},
				"east": {"uv": [7, 0.25, 7.25, 0.5], "texture": "#0"},
				"south": {"uv": [0.5, 7, 0.75, 7.25], "texture": "#0"},
				"west": {"uv": [7, 0.5, 7.25, 0.75], "texture": "#0"},
				"up": {"uv": [1, 7.25, 0.75, 7], "texture": "#0"},
				"down": {"uv": [7.25, 0.75, 7, 1], "texture": "#0"}
			}
		},
		{
			"from": [7.25, -0.2115, 7.02],
			"to": [7.75, 2.0885, 8.045],
			"rotation": {"angle": -22.5, "axis": "x", "origin": [7.5, 2.77852, 7.81204]},
			"faces": {
				"north": {"uv": [5.25, 4.5, 5.5, 5], "texture": "#0"},
				"east": {"uv": [5.25, 5, 5.5, 5.5], "texture": "#0"},
				"south": {"uv": [5.5, 0, 5.75, 0.5], "texture": "#0"},
				"west": {"uv": [0.75, 5.5, 1, 6], "texture": "#0"},
				"up": {"uv": [2.5, 7.25, 2.25, 7], "texture": "#0"},
				"down": {"uv": [7.25, 2.25, 7, 2.5], "texture": "#0"}
			}
		},
		{
			"from": [7.25, -0.12255, 8.09923],
			"to": [7.75, 2.17745, 8.47423],
			"rotation": {"angle": -45, "axis": "x", "origin": [7.5, 0.95245, 8.21173]},
			"faces": {
				"north": {"uv": [5.5, 0.75, 5.75, 1.25], "texture": "#0"},
				"east": {"uv": [1.5, 5.5, 1.75, 6], "texture": "#0"},
				"south": {"uv": [2, 5.5, 2.25, 6], "texture": "#0"},
				"west": {"uv": [5.5, 2, 5.75, 2.5], "texture": "#0"},
				"up": {"uv": [2.75, 7.25, 2.5, 7], "texture": "#0"},
				"down": {"uv": [7.25, 2.5, 7, 2.75], "texture": "#0"}
			}
		},
		{
			"from": [7.25, -0.33627, 7.60182],
			"to": [7.75, 1.96373, 8.50182],
			"rotation": {"angle": 0, "axis": "y", "origin": [7.5, 0.81373, 7.87682]},
			"faces": {
				"north": {"uv": [3.5, 5.25, 3.75, 5.75], "texture": "#0"},
				"east": {"uv": [3.75, 5.25, 4, 5.75], "texture": "#0"},
				"south": {"uv": [5.25, 3.75, 5.5, 4.25], "texture": "#0"},
				"west": {"uv": [4.5, 5.25, 4.75, 5.75], "texture": "#0"},
				"up": {"uv": [2.25, 7.25, 2, 7], "texture": "#0"},
				"down": {"uv": [7.25, 2, 7, 2.25], "texture": "#0"}
			}
		},
		{
			"from": [7.25, -0.63627, 7.77682],
			"to": [7.75, 1.28873, 8.87682],
			"rotation": {"angle": 22.5, "axis": "x", "origin": [7.5, 0.81373, 8.05182]},
			"faces": {
				"north": {"uv": [2.25, 5.25, 2.5, 5.75], "texture": "#0"},
				"east": {"uv": [2.5, 5.25, 2.75, 5.75], "texture": "#0"},
				"south": {"uv": [5.25, 2.5, 5.5, 3], "texture": "#0"},
				"west": {"uv": [5.25, 3, 5.5, 3.5], "texture": "#0"},
				"up": {"uv": [2, 7.25, 1.75, 7], "texture": "#0"},
				"down": {"uv": [7.25, 1.75, 7, 2], "texture": "#0"}
			}
		},
		{
			"from": [7.25, -0.8794, 7.86933],
			"to": [7.75, -0.5044, 8.19433],
			"rotation": {"angle": 45, "axis": "x", "origin": [7.5, 0.2581, 8.11933]},
			"faces": {
				"north": {"uv": [1, 7, 1.25, 7.25], "texture": "#0"},
				"east": {"uv": [7, 1, 7.25, 1.25], "texture": "#0"},
				"south": {"uv": [1.25, 7, 1.5, 7.25], "texture": "#0"},
				"west": {"uv": [7, 1.25, 7.25, 1.5], "texture": "#0"},
				"up": {"uv": [1.75, 7.25, 1.5, 7], "texture": "#0"},
				"down": {"uv": [7.25, 1.5, 7, 1.75], "texture": "#0"}
			}
		},
		{
			"from": [7.25, -2.1865, 6.295],
			"to": [7.75, -0.3365, 6.67],
			"rotation": {"angle": -22.5, "axis": "x", "origin": [7.5, 0.80352, 6.98704]},
			"faces": {
				"north": {"uv": [5, 5.5, 5.25, 6], "texture": "#0"},
				"east": {"uv": [5.5, 5, 5.75, 5.5], "texture": "#0"},
				"south": {"uv": [5.25, 5.5, 5.5, 6], "texture": "#0"},
				"west": {"uv": [5.5, 5.5, 5.75, 6], "texture": "#0"},
				"up": {"uv": [7.5, 4, 7.25, 3.75], "texture": "#0"},
				"down": {"uv": [4.25, 7.25, 4, 7.5], "texture": "#0"}
			}
		},
		{
			"from": [7.25, -2.31127, 6.92682],
			"to": [7.75, -0.86127, 7.67682],
			"rotation": {"angle": 0, "axis": "y", "origin": [7.5, -1.16127, 7.05182]},
			"faces": {
				"north": {"uv": [7.25, 3, 7.5, 3.25], "texture": "#0"},
				"east": {"uv": [3.25, 7.25, 3.5, 7.5], "texture": "#0"},
				"south": {"uv": [7.25, 3.25, 7.5, 3.5], "texture": "#0"},
				"west": {"uv": [3.5, 7.25, 3.75, 7.5], "texture": "#0"},
				"up": {"uv": [7.5, 3.75, 7.25, 3.5], "texture": "#0"},
				"down": {"uv": [4, 7.25, 3.75, 7.5], "texture": "#0"}
			}
		},
		{
			"from": [7.25, -2.61127, 7.05182],
			"to": [7.75, -0.68627, 8.05182],
			"rotation": {"angle": 22.5, "axis": "x", "origin": [7.5, -1.16127, 7.22682]},
			"faces": {
				"north": {"uv": [5.5, 4, 5.75, 4.5], "texture": "#0"},
				"east": {"uv": [4.25, 5.5, 4.5, 6], "texture": "#0"},
				"south": {"uv": [5.5, 4.5, 5.75, 5], "texture": "#0"},
				"west": {"uv": [4.75, 5.5, 5, 6], "texture": "#0"},
				"up": {"uv": [7.5, 3, 7.25, 2.75], "texture": "#0"},
				"down": {"uv": [3.25, 7.25, 3, 7.5], "texture": "#0"}
			}
		},
		{
			"from": [7.25, -2.8544, 7.04433],
			"to": [7.75, -2.1544, 7.36933],
			"rotation": {"angle": 45, "axis": "x", "origin": [7.5, -1.7169, 7.29433]},
			"faces": {
				"north": {"uv": [7.25, 2, 7.5, 2.25], "texture": "#0"},
				"east": {"uv": [2.25, 7.25, 2.5, 7.5], "texture": "#0"},
				"south": {"uv": [7.25, 2.25, 7.5, 2.5], "texture": "#0"},
				"west": {"uv": [2.5, 7.25, 2.75, 7.5], "texture": "#0"},
				"up": {"uv": [7.5, 2.75, 7.25, 2.5], "texture": "#0"},
				"down": {"uv": [3, 7.25, 2.75, 7.5], "texture": "#0"}
			}
		},
		{
			"from": [7.25, 3.06373, 8.05182],
			"to": [7.75, 5.36373, 9.15182],
			"rotation": {"angle": -45, "axis": "x", "origin": [7.5, 3.21373, 8.47682]},
			"faces": {
				"north": {"uv": [2.75, 5, 3, 5.5], "texture": "#0"},
				"east": {"uv": [3, 5, 3.25, 5.5], "texture": "#0"},
				"south": {"uv": [5, 3, 5.25, 3.5], "texture": "#0"},
				"west": {"uv": [3.25, 5, 3.5, 5.5], "texture": "#0"},
				"up": {"uv": [5, 6.75, 4.75, 6.5], "texture": "#0"},
				"down": {"uv": [6.75, 4.75, 6.5, 5], "texture": "#0"}
			}
		},
		{
			"from": [7.25, 3.70922, 5.9331],
			"to": [7.75, 4.80922, 8.2331],
			"rotation": {"angle": 22.5, "axis": "x", "origin": [7.5, 4.00922, 7.8581]},
			"faces": {
				"north": {"uv": [5, 6.5, 5.25, 6.75], "texture": "#0"},
				"east": {"uv": [3.5, 5, 4, 5.25], "texture": "#0"},
				"south": {"uv": [6.5, 5, 6.75, 5.25], "texture": "#0"},
				"west": {"uv": [5, 3.5, 5.5, 3.75], "texture": "#0"},
				"up": {"uv": [5.25, 4.25, 5, 3.75], "texture": "#0"},
				"down": {"uv": [4.25, 5, 4, 5.5], "texture": "#0"}
			}
		},
		{
			"from": [7, -0.03044, 8.6914],
			"to": [8, 3.06956, 9.9414],
			"rotation": {"angle": 0, "axis": "x", "origin": [7.5, 3.74456, 8.9914]},
			"faces": {
				"north": {"uv": [1.75, 0, 2, 0.75], "texture": "#0"},
				"east": {"uv": [2, 0, 2.25, 0.75], "texture": "#0"},
				"south": {"uv": [2.25, 0, 2.5, 0.75], "texture": "#0"},
				"west": {"uv": [0.25, 3, 0.5, 3.75], "texture": "#0"},
				"up": {"uv": [6.5, 6, 6.25, 5.75], "texture": "#0"},
				"down": {"uv": [6.25, 6.25, 6, 6.5], "texture": "#0"}
			}
		},
		{
			"from": [7, -0.55544, 9.7164],
			"to": [8, 0.34456, 10.4664],
			"rotation": {"angle": 22.5, "axis": "x", "origin": [7.5, 1.49456, 9.2914]},
			"faces": {
				"north": {"uv": [6.75, 6.25, 7, 6.5], "texture": "#0"},
				"east": {"uv": [6.5, 6.75, 6.75, 7], "texture": "#0"},
				"south": {"uv": [6.75, 6.5, 7, 6.75], "texture": "#0"},
				"west": {"uv": [6.75, 6.75, 7, 7], "texture": "#0"},
				"up": {"uv": [0.25, 7.25, 0, 7], "texture": "#0"},
				"down": {"uv": [7.25, 0, 7, 0.25], "texture": "#0"}
			}
		},
		{
			"from": [7, -0.87, 8.63364],
			"to": [8, -0.02, 9.38364],
			"rotation": {"angle": -22.5, "axis": "x", "origin": [7.5, -0.31289, 9.40864]},
			"faces": {
				"north": {"uv": [8.25, 5.75, 8.5, 6], "texture": "#0"},
				"east": {"uv": [6, 8.25, 6.25, 8.5], "texture": "#0"},
				"south": {"uv": [8.25, 6, 8.5, 6.25], "texture": "#0"},
				"west": {"uv": [6.25, 8.25, 6.5, 8.5], "texture": "#0"},
				"up": {"uv": [8.5, 6.5, 8.25, 6.25], "texture": "#0"},
				"down": {"uv": [6.75, 8.25, 6.5, 8.5], "texture": "#0"}
			}
		},
		{
			"from": [7, -3.68044, 9.7414],
			"to": [8, -0.63044, 10.3664],
			"rotation": {"angle": 22.5, "axis": "x", "origin": [7.5, 1.51956, 9.3164]},
			"faces": {
				"north": {"uv": [0.5, 3, 0.75, 3.75], "texture": "#0"},
				"east": {"uv": [3, 1.5, 3.25, 2.25], "texture": "#0"},
				"south": {"uv": [2.75, 3, 3, 3.75], "texture": "#0"},
				"west": {"uv": [3, 3, 3.25, 3.75], "texture": "#0"},
				"up": {"uv": [7.5, 4.5, 7.25, 4.25], "texture": "#0"},
				"down": {"uv": [4.75, 7.25, 4.5, 7.5], "texture": "#0"}
			}
		},
		{
			"from": [7, -1.28044, 10.3664],
			"to": [8, -0.98044, 10.5164],
			"rotation": {"angle": 22.5, "axis": "x", "origin": [7.5, 1.51956, 9.3164]},
			"faces": {
				"north": {"uv": [7.25, 4.5, 7.5, 4.75], "texture": "#0"},
				"east": {"uv": [4.75, 7.25, 5, 7.5], "texture": "#0"},
				"south": {"uv": [7.25, 4.75, 7.5, 5], "texture": "#0"},
				"west": {"uv": [5, 7.25, 5.25, 7.5], "texture": "#0"},
				"up": {"uv": [7.5, 5.25, 7.25, 5], "texture": "#0"},
				"down": {"uv": [5.5, 7.25, 5.25, 7.5], "texture": "#0"}
			}
		},
		{
			"from": [7, -1.88044, 10.3664],
			"to": [8, -1.58044, 10.5164],
			"rotation": {"angle": 22.5, "axis": "x", "origin": [7.5, 1.51956, 9.3164]},
			"faces": {
				"north": {"uv": [7.25, 5.25, 7.5, 5.5], "texture": "#0"},
				"east": {"uv": [5.5, 7.25, 5.75, 7.5], "texture": "#0"},
				"south": {"uv": [7.25, 5.5, 7.5, 5.75], "texture": "#0"},
				"west": {"uv": [5.75, 7.25, 6, 7.5], "texture": "#0"},
				"up": {"uv": [7.5, 6, 7.25, 5.75], "texture": "#0"},
				"down": {"uv": [6.25, 7.25, 6, 7.5], "texture": "#0"}
			}
		},
		{
			"from": [7, -2.48044, 10.3664],
			"to": [8, -2.18044, 10.5164],
			"rotation": {"angle": 22.5, "axis": "x", "origin": [7.5, 1.51956, 9.3164]},
			"faces": {
				"north": {"uv": [7.25, 6.75, 7.5, 7], "texture": "#0"},
				"east": {"uv": [7, 7.25, 7.25, 7.5], "texture": "#0"},
				"south": {"uv": [7.25, 7, 7.5, 7.25], "texture": "#0"},
				"west": {"uv": [7.25, 7.25, 7.5, 7.5], "texture": "#0"},
				"up": {"uv": [0.25, 7.75, 0, 7.5], "texture": "#0"},
				"down": {"uv": [7.75, 0, 7.5, 0.25], "texture": "#0"}
			}
		},
		{
			"from": [7, -3.08044, 10.3664],
			"to": [8, -2.78044, 10.5164],
			"rotation": {"angle": 22.5, "axis": "x", "origin": [7.5, 1.51956, 9.3164]},
			"faces": {
				"north": {"uv": [7.25, 6, 7.5, 6.25], "texture": "#0"},
				"east": {"uv": [6.25, 7.25, 6.5, 7.5], "texture": "#0"},
				"south": {"uv": [7.25, 6.25, 7.5, 6.5], "texture": "#0"},
				"west": {"uv": [6.5, 7.25, 6.75, 7.5], "texture": "#0"},
				"up": {"uv": [7.5, 6.75, 7.25, 6.5], "texture": "#0"},
				"down": {"uv": [7, 7.25, 6.75, 7.5], "texture": "#0"}
			}
		},
		{
			"from": [7, -3.68044, 10.3664],
			"to": [8, -3.38044, 10.5164],
			"rotation": {"angle": 22.5, "axis": "x", "origin": [7.5, 1.51956, 9.3164]},
			"faces": {
				"north": {"uv": [0.25, 7.5, 0.5, 7.75], "texture": "#0"},
				"east": {"uv": [7.5, 0.25, 7.75, 0.5], "texture": "#0"},
				"south": {"uv": [0.5, 7.5, 0.75, 7.75], "texture": "#0"},
				"west": {"uv": [7.5, 0.5, 7.75, 0.75], "texture": "#0"},
				"up": {"uv": [1, 7.75, 0.75, 7.5], "texture": "#0"},
				"down": {"uv": [7.75, 0.75, 7.5, 1], "texture": "#0"}
			}
		},
		{
			"from": [7, -3.68044, 9.2414],
			"to": [8, 0.31956, 9.7414],
			"rotation": {"angle": 22.5, "axis": "x", "origin": [7.5, 1.51956, 9.3164]},
			"faces": {
				"north": {"uv": [0.75, 1.75, 1, 2.75], "texture": "#0"},
				"east": {"uv": [1, 1.75, 1.25, 2.75], "texture": "#0"},
				"south": {"uv": [1.25, 1.75, 1.5, 2.75], "texture": "#0"},
				"west": {"uv": [1.75, 1.25, 2, 2.25], "texture": "#0"},
				"up": {"uv": [7.5, 4.25, 7.25, 4], "texture": "#0"},
				"down": {"uv": [4.5, 7.25, 4.25, 7.5], "texture": "#0"}
			}
		},
		{
			"from": [7, 1.71956, 7.36],
			"to": [8, 2.01956, 8.685],
			"rotation": {"angle": 0, "axis": "y", "origin": [7.5, 3.74456, 8.9914]},
			"faces": {
				"north": {"uv": [1.5, 6.5, 1.75, 6.75], "texture": "#0"},
				"east": {"uv": [6.5, 1.5, 6.75, 1.75], "texture": "#0"},
				"south": {"uv": [1.75, 6.5, 2, 6.75], "texture": "#0"},
				"west": {"uv": [6.5, 1.75, 6.75, 2], "texture": "#0"},
				"up": {"uv": [2.25, 6.75, 2, 6.5], "texture": "#0"},
				"down": {"uv": [6.75, 2, 6.5, 2.25], "texture": "#0"}
			}
		},
		{
			"from": [7, 1.46956, 7.35],
			"to": [8, 1.75456, 8.95],
			"rotation": {"angle": 22.5, "axis": "x", "origin": [7.5, 1.86956, 8.0164]},
			"faces": {
				"north": {"uv": [5.75, 6.5, 6, 6.75], "texture": "#0"},
				"east": {"uv": [5, 4.25, 5.5, 4.5], "texture": "#0"},
				"south": {"uv": [6.5, 5.75, 6.75, 6], "texture": "#0"},
				"west": {"uv": [5.25, 0.5, 5.75, 0.75], "texture": "#0"},
				"up": {"uv": [5.5, 1.5, 5.25, 1], "texture": "#0"},
				"down": {"uv": [1.5, 5.25, 1.25, 5.75], "texture": "#0"}
			}
		},
		{
			"from": [7, -0.60371, 8.37643],
			"to": [8, 0.84629, 8.72643],
			"rotation": {"angle": 22.5, "axis": "x", "origin": [7.5, -0.10371, 8.45143]},
			"faces": {
				"north": {"uv": [6.75, 4, 7, 4.25], "texture": "#0"},
				"east": {"uv": [4.25, 6.75, 4.5, 7], "texture": "#0"},
				"south": {"uv": [6.75, 4.25, 7, 4.5], "texture": "#0"},
				"west": {"uv": [4.5, 6.75, 4.75, 7], "texture": "#0"},
				"up": {"uv": [7, 4.75, 6.75, 4.5], "texture": "#0"},
				"down": {"uv": [5, 6.75, 4.75, 7], "texture": "#0"}
			}
		},
		{
			"from": [7, 0.30046, 8.75683],
			"to": [8, 1.75046, 9.15683],
			"rotation": {"angle": -22.5, "axis": "x", "origin": [7.5, 0.77546, 8.78183]},
			"faces": {
				"north": {"uv": [6.75, 4.75, 7, 5], "texture": "#0"},
				"east": {"uv": [5, 6.75, 5.25, 7], "texture": "#0"},
				"south": {"uv": [6.75, 5, 7, 5.25], "texture": "#0"},
				"west": {"uv": [5.25, 6.75, 5.5, 7], "texture": "#0"},
				"up": {"uv": [7, 5.5, 6.75, 5.25], "texture": "#0"},
				"down": {"uv": [5.75, 6.75, 5.5, 7], "texture": "#0"}
			}
		},
		{
			"from": [7, -0.73049, 8.04182],
			"to": [8, -0.33049, 8.76682],
			"rotation": {"angle": -45, "axis": "x", "origin": [7.5, -0.28049, 7.99182]},
			"faces": {
				"north": {"uv": [6.75, 3.25, 7, 3.5], "texture": "#0"},
				"east": {"uv": [3.5, 6.75, 3.75, 7], "texture": "#0"},
				"south": {"uv": [6.75, 3.5, 7, 3.75], "texture": "#0"},
				"west": {"uv": [3.75, 6.75, 4, 7], "texture": "#0"},
				"up": {"uv": [7, 4, 6.75, 3.75], "texture": "#0"},
				"down": {"uv": [4.25, 6.75, 4, 7], "texture": "#0"}
			}
		},
		{
			"from": [7, -0.53044, 7.6914],
			"to": [8, -0.23044, 8.5664],
			"rotation": {"angle": -22.5, "axis": "x", "origin": [7.5, -0.48044, 7.9664]},
			"faces": {
				"north": {"uv": [6.75, 2.5, 7, 2.75], "texture": "#0"},
				"east": {"uv": [2.75, 6.75, 3, 7], "texture": "#0"},
				"south": {"uv": [6.75, 2.75, 7, 3], "texture": "#0"},
				"west": {"uv": [3, 6.75, 3.25, 7], "texture": "#0"},
				"up": {"uv": [7, 3.25, 6.75, 3], "texture": "#0"},
				"down": {"uv": [3.5, 6.75, 3.25, 7], "texture": "#0"}
			}
		},
		{
			"from": [7, -0.70544, 7.8],
			"to": [8, -0.42044, 8.725],
			"rotation": {"angle": 22.5, "axis": "x", "origin": [7.5, -0.50544, 7.7914]},
			"faces": {
				"north": {"uv": [6.75, 1.75, 7, 2], "texture": "#0"},
				"east": {"uv": [2, 6.75, 2.25, 7], "texture": "#0"},
				"south": {"uv": [6.75, 2, 7, 2.25], "texture": "#0"},
				"west": {"uv": [2.25, 6.75, 2.5, 7], "texture": "#0"},
				"up": {"uv": [7, 2.5, 6.75, 2.25], "texture": "#0"},
				"down": {"uv": [2.75, 6.75, 2.5, 7], "texture": "#0"}
			}
		},
		{
			"from": [7, -0.65544, 7.135],
			"to": [8, -0.35544, 8.46],
			"rotation": {"angle": 0, "axis": "y", "origin": [7.5, 1.36956, 8.7664]},
			"faces": {
				"north": {"uv": [6.75, 1, 7, 1.25], "texture": "#0"},
				"east": {"uv": [1.25, 6.75, 1.5, 7], "texture": "#0"},
				"south": {"uv": [6.75, 1.25, 7, 1.5], "texture": "#0"},
				"west": {"uv": [1.5, 6.75, 1.75, 7], "texture": "#0"},
				"up": {"uv": [7, 1.75, 6.75, 1.5], "texture": "#0"},
				"down": {"uv": [2, 6.75, 1.75, 7], "texture": "#0"}
			}
		},
		{
			"from": [7, -2.70544, 7],
			"to": [8, -2.42044, 7.925],
			"rotation": {"angle": 22.5, "axis": "x", "origin": [7.5, -2.50544, 6.9914]},
			"faces": {
				"north": {"uv": [5.25, 7, 5.5, 7.25], "texture": "#0"},
				"east": {"uv": [7, 5.25, 7.25, 5.5], "texture": "#0"},
				"south": {"uv": [5.5, 7, 5.75, 7.25], "texture": "#0"},
				"west": {"uv": [7, 5.5, 7.25, 5.75], "texture": "#0"},
				"up": {"uv": [6, 7.25, 5.75, 7], "texture": "#0"},
				"down": {"uv": [7.25, 5.75, 7, 6], "texture": "#0"}
			}
		},
		{
			"from": [7, -2.73049, 7.24182],
			"to": [8, -2.30549, 8.21682],
			"rotation": {"angle": -45, "axis": "x", "origin": [7.5, -2.28049, 7.19182]},
			"faces": {
				"north": {"uv": [4.5, 7, 4.75, 7.25], "texture": "#0"},
				"east": {"uv": [7, 4.5, 7.25, 4.75], "texture": "#0"},
				"south": {"uv": [4.75, 7, 5, 7.25], "texture": "#0"},
				"west": {"uv": [7, 4.75, 7.25, 5], "texture": "#0"},
				"up": {"uv": [5.25, 7.25, 5, 7], "texture": "#0"},
				"down": {"uv": [7.25, 5, 7, 5.25], "texture": "#0"}
			}
		},
		{
			"from": [7, -2.53044, 6.8914],
			"to": [8, -2.23044, 7.7664],
			"rotation": {"angle": -22.5, "axis": "x", "origin": [7.5, -2.48044, 7.1664]},
			"faces": {
				"north": {"uv": [3.75, 7, 4, 7.25], "texture": "#0"},
				"east": {"uv": [7, 3.75, 7.25, 4], "texture": "#0"},
				"south": {"uv": [4, 7, 4.25, 7.25], "texture": "#0"},
				"west": {"uv": [7, 4, 7.25, 4.25], "texture": "#0"},
				"up": {"uv": [4.5, 7.25, 4.25, 7], "texture": "#0"},
				"down": {"uv": [7.25, 4.25, 7, 4.5], "texture": "#0"}
			}
		},
		{
			"from": [7, -3.10544, 6.325],
			"to": [8, -2.62044, 7.925],
			"rotation": {"angle": 22.5, "axis": "x", "origin": [7.5, -2.50544, 6.9914]},
			"faces": {
				"north": {"uv": [3.5, 7, 3.75, 7.25], "texture": "#0"},
				"east": {"uv": [5.5, 1.25, 6, 1.5], "texture": "#0"},
				"south": {"uv": [7, 3.5, 7.25, 3.75], "texture": "#0"},
				"west": {"uv": [5.5, 2.5, 6, 2.75], "texture": "#0"},
				"up": {"uv": [3, 6, 2.75, 5.5], "texture": "#0"},
				"down": {"uv": [5.75, 2.75, 5.5, 3.25], "texture": "#0"}
			}
		},
		{
			"from": [7, -2.65544, 6.335],
			"to": [8, -2.35544, 7.66],
			"rotation": {"angle": 0, "axis": "y", "origin": [7.5, -0.63044, 7.9664]},
			"faces": {
				"north": {"uv": [2.75, 7, 3, 7.25], "texture": "#0"},
				"east": {"uv": [7, 2.75, 7.25, 3], "texture": "#0"},
				"south": {"uv": [3, 7, 3.25, 7.25], "texture": "#0"},
				"west": {"uv": [7, 3, 7.25, 3.25], "texture": "#0"},
				"up": {"uv": [3.5, 7.25, 3.25, 7], "texture": "#0"},
				"down": {"uv": [7.25, 3.25, 7, 3.5], "texture": "#0"}
			}
		},
		{
			"from": [7, -0.90544, 6.875],
			"to": [8, -0.62044, 8.725],
			"rotation": {"angle": 22.5, "axis": "x", "origin": [7.5, -0.50544, 7.7914]},
			"faces": {
				"north": {"uv": [6.75, 0.75, 7, 1], "texture": "#0"},
				"east": {"uv": [5.25, 1.5, 5.75, 1.75], "texture": "#0"},
				"south": {"uv": [1, 6.75, 1.25, 7], "texture": "#0"},
				"west": {"uv": [5.25, 1.75, 5.75, 2], "texture": "#0"},
				"up": {"uv": [2, 5.75, 1.75, 5.25], "texture": "#0"},
				"down": {"uv": [5.5, 2, 5.25, 2.5], "texture": "#0"}
			}
		},
		{
			"from": [7, -1.31197, 6.89129],
			"to": [8, -1.02697, 8.74129],
			"rotation": {"angle": 45, "axis": "x", "origin": [7.5, -0.79447, 7.81629]},
			"faces": {
				"north": {"uv": [6, 7, 6.25, 7.25], "texture": "#0"},
				"east": {"uv": [3, 5.5, 3.5, 5.75], "texture": "#0"},
				"south": {"uv": [7, 6, 7.25, 6.25], "texture": "#0"},
				"west": {"uv": [5.5, 3.25, 6, 3.5], "texture": "#0"},
				"up": {"uv": [5.75, 4, 5.5, 3.5], "texture": "#0"},
				"down": {"uv": [4.25, 5.5, 4, 6], "texture": "#0"}
			}
		},
		{
			"from": [7, -1.89499, 7.52505],
			"to": [8, -1.09499, 7.86005],
			"rotation": {"angle": -22.5, "axis": "x", "origin": [7.5, -1.09499, 7.69255]},
			"faces": {
				"north": {"uv": [7, 7, 7.25, 7.25], "texture": "#0"},
				"east": {"uv": [0, 7.25, 0.25, 7.5], "texture": "#0"},
				"south": {"uv": [7.25, 0, 7.5, 0.25], "texture": "#0"},
				"west": {"uv": [0.25, 7.25, 0.5, 7.5], "texture": "#0"},
				"up": {"uv": [7.5, 0.5, 7.25, 0.25], "texture": "#0"},
				"down": {"uv": [0.75, 7.25, 0.5, 7.5], "texture": "#0"}
			}
		},
		{
			"from": [7, -2.00497, 7.67622],
			"to": [8, -1.20497, 8.01122],
			"rotation": {"angle": 0, "axis": "x", "origin": [7.5, -1.45497, 7.86872]},
			"faces": {
				"north": {"uv": [7.25, 0.5, 7.5, 0.75], "texture": "#0"},
				"east": {"uv": [0.75, 7.25, 1, 7.5], "texture": "#0"},
				"south": {"uv": [7.25, 0.75, 7.5, 1], "texture": "#0"},
				"west": {"uv": [1, 7.25, 1.25, 7.5], "texture": "#0"},
				"up": {"uv": [7.5, 1.25, 7.25, 1], "texture": "#0"},
				"down": {"uv": [1.5, 7.25, 1.25, 7.5], "texture": "#0"}
			}
		},
		{
			"from": [7, -2.20497, 7.72622],
			"to": [8, -1.40497, 8.06122],
			"rotation": {"angle": 22.5, "axis": "x", "origin": [7.5, -1.60497, 7.86872]},
			"faces": {
				"north": {"uv": [7.25, 1.25, 7.5, 1.5], "texture": "#0"},
				"east": {"uv": [1.5, 7.25, 1.75, 7.5], "texture": "#0"},
				"south": {"uv": [7.25, 1.5, 7.5, 1.75], "texture": "#0"},
				"west": {"uv": [1.75, 7.25, 2, 7.5], "texture": "#0"},
				"up": {"uv": [7.5, 2, 7.25, 1.75], "texture": "#0"},
				"down": {"uv": [2.25, 7.25, 2, 7.5], "texture": "#0"}
			}
		},
		{
			"from": [7, -1.03697, 7.56629],
			"to": [8, -0.72697, 8.54129],
			"rotation": {"angle": 45, "axis": "x", "origin": [7.5, -0.79447, 7.81629]},
			"faces": {
				"north": {"uv": [6.25, 7, 6.5, 7.25], "texture": "#0"},
				"east": {"uv": [7, 6.25, 7.25, 6.5], "texture": "#0"},
				"south": {"uv": [6.5, 7, 6.75, 7.25], "texture": "#0"},
				"west": {"uv": [7, 6.5, 7.25, 6.75], "texture": "#0"},
				"up": {"uv": [7, 7.25, 6.75, 7], "texture": "#0"},
				"down": {"uv": [7.25, 6.75, 7, 7], "texture": "#0"}
			}
		},
		{
			"from": [7, 1.66956, 8.025],
			"to": [8, 1.95456, 8.95],
			"rotation": {"angle": 22.5, "axis": "x", "origin": [7.5, 1.86956, 8.0164]},
			"faces": {
				"north": {"uv": [6.75, 0, 7, 0.25], "texture": "#0"},
				"east": {"uv": [0.25, 6.75, 0.5, 7], "texture": "#0"},
				"south": {"uv": [6.75, 0.25, 7, 0.5], "texture": "#0"},
				"west": {"uv": [0.5, 6.75, 0.75, 7], "texture": "#0"},
				"up": {"uv": [7, 0.75, 6.75, 0.5], "texture": "#0"},
				"down": {"uv": [1, 6.75, 0.75, 7], "texture": "#0"}
			}
		},
		{
			"from": [7, 1.76956, 8.025],
			"to": [8, 2.06956, 8.95],
			"rotation": {"angle": 22.5, "axis": "x", "origin": [7.5, 1.86956, 8.0164]},
			"faces": {
				"north": {"uv": [6, 6.5, 6.25, 6.75], "texture": "#0"},
				"east": {"uv": [6.5, 6, 6.75, 6.25], "texture": "#0"},
				"south": {"uv": [6.25, 6.5, 6.5, 6.75], "texture": "#0"},
				"west": {"uv": [6.5, 6.25, 6.75, 6.5], "texture": "#0"},
				"up": {"uv": [6.75, 6.75, 6.5, 6.5], "texture": "#0"},
				"down": {"uv": [0.25, 6.75, 0, 7], "texture": "#0"}
			}
		},
		{
			"from": [7, 1.84456, 7.9164],
			"to": [8, 2.14456, 8.7914],
			"rotation": {"angle": -22.5, "axis": "x", "origin": [7.5, 1.89456, 8.1914]},
			"faces": {
				"north": {"uv": [2.25, 6.5, 2.5, 6.75], "texture": "#0"},
				"east": {"uv": [6.5, 2.25, 6.75, 2.5], "texture": "#0"},
				"south": {"uv": [2.5, 6.5, 2.75, 6.75], "texture": "#0"},
				"west": {"uv": [6.5, 2.5, 6.75, 2.75], "texture": "#0"},
				"up": {"uv": [3, 6.75, 2.75, 6.5], "texture": "#0"},
				"down": {"uv": [6.75, 2.75, 6.5, 3], "texture": "#0"}
			}
		},
		{
			"from": [7, 1.64451, 8.26682],
			"to": [8, 2.04451, 8.99182],
			"rotation": {"angle": -45, "axis": "x", "origin": [7.5, 2.09451, 8.21682]},
			"faces": {
				"north": {"uv": [3, 6.5, 3.25, 6.75], "texture": "#0"},
				"east": {"uv": [6.5, 3, 6.75, 3.25], "texture": "#0"},
				"south": {"uv": [3.25, 6.5, 3.5, 6.75], "texture": "#0"},
				"west": {"uv": [6.5, 3.25, 6.75, 3.5], "texture": "#0"},
				"up": {"uv": [3.75, 6.75, 3.5, 6.5], "texture": "#0"},
				"down": {"uv": [6.75, 3.5, 6.5, 3.75], "texture": "#0"}
			}
		},
		{
			"from": [7, 1.77129, 8.55143],
			"to": [8, 2.77129, 8.95143],
			"rotation": {"angle": 22.5, "axis": "x", "origin": [7.5, 2.27129, 8.67643]},
			"faces": {
				"north": {"uv": [3.75, 6.5, 4, 6.75], "texture": "#0"},
				"east": {"uv": [6.5, 3.75, 6.75, 4], "texture": "#0"},
				"south": {"uv": [4, 6.5, 4.25, 6.75], "texture": "#0"},
				"west": {"uv": [6.5, 4, 6.75, 4.25], "texture": "#0"},
				"up": {"uv": [4.5, 6.75, 4.25, 6.5], "texture": "#0"},
				"down": {"uv": [6.75, 4.25, 6.5, 4.5], "texture": "#0"}
			}
		},
		{
			"from": [7, 5.48918, 7.77742],
			"to": [8, 7.40418, 8.12742],
			"rotation": {"angle": 0, "axis": "x", "origin": [7.5, 6.23918, 7.57742]},
			"faces": {
				"north": {"uv": [3, 4.5, 3.25, 5], "texture": "#0"},
				"east": {"uv": [4.5, 3.25, 4.75, 3.75], "texture": "#0"},
				"south": {"uv": [4.5, 4.25, 4.75, 4.75], "texture": "#0"},
				"west": {"uv": [0, 4.75, 0.25, 5.25], "texture": "#0"},
				"up": {"uv": [3.5, 6.5, 3.25, 6.25], "texture": "#0"},
				"down": {"uv": [6.5, 3.25, 6.25, 3.5], "texture": "#0"}
			}
		},
		{
			"from": [7, 5, 5.5],
			"to": [8, 6, 7],
			"rotation": {"angle": -22.5, "axis": "x", "origin": [7.5, 6, 7]},
			"faces": {
				"north": {"uv": [6.25, 1.25, 6.5, 1.5], "texture": "#0"},
				"east": {"uv": [4.25, 2, 4.75, 2.25], "texture": "#0"},
				"south": {"uv": [6.25, 1.5, 6.5, 1.75], "texture": "#0"},
				"west": {"uv": [4.5, 1.5, 5, 1.75], "texture": "#0"},
				"up": {"uv": [1.5, 5, 1.25, 4.5], "texture": "#0"},
				"down": {"uv": [2.25, 4.5, 2, 5], "texture": "#0"}
			}
		},
		{
			"from": [7, 4.42605, 5.74843],
			"to": [8, 5.07605, 8.09843],
			"rotation": {"angle": 0, "axis": "x", "origin": [7.5, 5.25105, 6.49843]},
			"faces": {
				"north": {"uv": [6.25, 6, 6.5, 6.25], "texture": "#0"},
				"east": {"uv": [4.75, 4.5, 5.25, 4.75], "texture": "#0"},
				"south": {"uv": [6.25, 6.25, 6.5, 6.5], "texture": "#0"},
				"west": {"uv": [4.75, 4.75, 5.25, 5], "texture": "#0"},
				"up": {"uv": [5.25, 0.75, 5, 0.25], "texture": "#0"},
				"down": {"uv": [1, 5, 0.75, 5.5], "texture": "#0"}
			}
		},
		{
			"from": [7, 5.52605, 4.99843],
			"to": [8, 6.00105, 5.72343],
			"rotation": {"angle": -45, "axis": "x", "origin": [7.5, 4.75105, 6.92343]},
			"faces": {
				"north": {"uv": [0.75, 6.5, 1, 6.75], "texture": "#0"},
				"east": {"uv": [6.5, 0.75, 6.75, 1], "texture": "#0"},
				"south": {"uv": [1, 6.5, 1.25, 6.75], "texture": "#0"},
				"west": {"uv": [6.5, 1, 6.75, 1.25], "texture": "#0"},
				"up": {"uv": [1.5, 6.75, 1.25, 6.5], "texture": "#0"},
				"down": {"uv": [6.75, 1.25, 6.5, 1.5], "texture": "#0"}
			}
		},
		{
			"from": [7, 4.47605, 6.87343],
			"to": [8, 5.12605, 8.59843],
			"rotation": {"angle": 22.5, "axis": "x", "origin": [7.5, 4.75105, 6.92343]},
			"faces": {
				"north": {"uv": [6.5, 0, 6.75, 0.25], "texture": "#0"},
				"east": {"uv": [5, 0.75, 5.5, 1], "texture": "#0"},
				"south": {"uv": [6.5, 0.25, 6.75, 0.5], "texture": "#0"},
				"west": {"uv": [1, 5, 1.5, 5.25], "texture": "#0"},
				"up": {"uv": [5.25, 1.5, 5, 1], "texture": "#0"},
				"down": {"uv": [1.75, 5, 1.5, 5.5], "texture": "#0"}
			}
		},
		{
			"from": [7, 5, 4.325],
			"to": [8, 5.5, 5.825],
			"rotation": {"angle": -22.5, "axis": "x", "origin": [7.5, 6, 7]},
			"faces": {
				"north": {"uv": [3.75, 6.25, 4, 6.5], "texture": "#0"},
				"east": {"uv": [6.25, 3.75, 6.5, 4], "texture": "#0"},
				"south": {"uv": [6.25, 4, 6.5, 4.25], "texture": "#0"},
				"west": {"uv": [6.25, 4.25, 6.5, 4.5], "texture": "#0"},
				"up": {"uv": [4.75, 6.5, 4.5, 6.25], "texture": "#0"},
				"down": {"uv": [6.5, 4.5, 6.25, 4.75], "texture": "#0"}
			}
		},
		{
			"from": [7, 5.00105, 5.99843],
			"to": [8, 6.00105, 7.62343],
			"rotation": {"angle": -45, "axis": "x", "origin": [7.5, 5.25105, 6.49843]},
			"faces": {
				"north": {"uv": [1.75, 6.25, 2, 6.5], "texture": "#0"},
				"east": {"uv": [2.25, 4.5, 2.75, 4.75], "texture": "#0"},
				"south": {"uv": [6.25, 2, 6.5, 2.25], "texture": "#0"},
				"west": {"uv": [4.5, 2.5, 5, 2.75], "texture": "#0"},
				"up": {"uv": [3, 5, 2.75, 4.5], "texture": "#0"},
				"down": {"uv": [4.75, 2.75, 4.5, 3.25], "texture": "#0"}
			}
		},
		{
			"from": [7, 5.52605, 4.52343],
			"to": [8, 6.00105, 6.14843],
			"rotation": {"angle": -45, "axis": "x", "origin": [7.5, 5.25105, 6.49843]},
			"faces": {
				"north": {"uv": [3.5, 6.25, 3.75, 6.5], "texture": "#0"},
				"east": {"uv": [4.5, 3.75, 5, 4], "texture": "#0"},
				"south": {"uv": [6.25, 3.5, 6.5, 3.75], "texture": "#0"},
				"west": {"uv": [4.75, 0, 5.25, 0.25], "texture": "#0"},
				"up": {"uv": [5, 0.75, 4.75, 0.25], "texture": "#0"},
				"down": {"uv": [5, 1, 4.75, 1.5], "texture": "#0"}
			}
		},
		{
			"from": [7, 6.2863, 6.61763],
			"to": [8, 6.9113, 7.61763],
			"rotation": {"angle": 0, "axis": "x", "origin": [7.5, 5.6488, 6.54263]},
			"faces": {
				"north": {"uv": [2.25, 6.25, 2.5, 6.5], "texture": "#0"},
				"east": {"uv": [6.25, 2.25, 6.5, 2.5], "texture": "#0"},
				"south": {"uv": [2.5, 6.25, 2.75, 6.5], "texture": "#0"},
				"west": {"uv": [6.25, 2.75, 6.5, 3], "texture": "#0"},
				"up": {"uv": [3.25, 6.5, 3, 6.25], "texture": "#0"},
				"down": {"uv": [6.5, 3, 6.25, 3.25], "texture": "#0"}
			}
		},
		{
			"from": [7, 5.7988, 6.30513],
			"to": [8, 6.7988, 6.88013],
			"rotation": {"angle": -45, "axis": "x", "origin": [7.5, 6.5988, 6.09263]},
			"faces": {
				"north": {"uv": [7.75, 4.75, 8, 5], "texture": "#0"},
				"east": {"uv": [5, 7.75, 5.25, 8], "texture": "#0"},
				"south": {"uv": [7.75, 5, 8, 5.25], "texture": "#0"},
				"west": {"uv": [5.25, 7.75, 5.5, 8], "texture": "#0"},
				"up": {"uv": [8, 5.5, 7.75, 5.25], "texture": "#0"},
				"down": {"uv": [5.75, 7.75, 5.5, 8], "texture": "#0"}
			}
		},
		{
			"from": [7, 5.34754, 6.30313],
			"to": [8, 7.19754, 6.92813],
			"rotation": {"angle": 22.5, "axis": "x", "origin": [7.5, 6.72254, 6.64063]},
			"faces": {
				"north": {"uv": [3.25, 5.75, 3.5, 6.25], "texture": "#0"},
				"east": {"uv": [3.5, 5.75, 3.75, 6.25], "texture": "#0"},
				"south": {"uv": [5.75, 3.5, 6, 4], "texture": "#0"},
				"west": {"uv": [3.75, 5.75, 4, 6.25], "texture": "#0"},
				"up": {"uv": [8, 5.75, 7.75, 5.5], "texture": "#0"},
				"down": {"uv": [6, 7.75, 5.75, 8], "texture": "#0"}
			}
		},
		{
			"from": [7, 5.39136, 6.30783],
			"to": [8, 7.20136, 6.88283],
			"rotation": {"angle": -22.5, "axis": "x", "origin": [7.5, 6.31636, 6.44533]},
			"faces": {
				"north": {"uv": [5.75, 4, 6, 4.5], "texture": "#0"},
				"east": {"uv": [4.5, 5.75, 4.75, 6.25], "texture": "#0"},
				"south": {"uv": [5.75, 4.5, 6, 5], "texture": "#0"},
				"west": {"uv": [5.75, 5, 6, 5.5], "texture": "#0"},
				"up": {"uv": [8, 6, 7.75, 5.75], "texture": "#0"},
				"down": {"uv": [6.25, 7.75, 6, 8], "texture": "#0"}
			}
		},
		{
			"name": "hexadecagon",
			"from": [7.275, -4.99265, 4.30865],
			"to": [7.725, -4.27656, 4.75865],
			"rotation": {"angle": -45, "axis": "x", "origin": [7.05, -4.6346, 6.10865]},
			"faces": {
				"north": {"uv": [1, 7.5, 1.25, 7.75], "texture": "#0"},
				"east": {"uv": [7.5, 1, 7.75, 1.25], "texture": "#0"},
				"south": {"uv": [1.25, 7.5, 1.5, 7.75], "texture": "#0"},
				"west": {"uv": [7.5, 1.25, 7.75, 1.5], "texture": "#0"},
				"up": {"uv": [1.75, 7.75, 1.5, 7.5], "texture": "#0"},
				"down": {"uv": [7.75, 1.5, 7.5, 1.75], "texture": "#0"}
			}
		},
		{
			"name": "hexadecagon",
			"from": [7.275, -5.81765, 4.30865],
			"to": [7.725, -4.27656, 4.75865],
			"rotation": {"angle": -22.5, "axis": "x", "origin": [7.05, -4.6346, 6.10865]},
			"faces": {
				"north": {"uv": [0, 5.75, 0.25, 6.25], "texture": "#0"},
				"east": {"uv": [5.75, 0, 6, 0.5], "texture": "#0"},
				"south": {"uv": [0.25, 5.75, 0.5, 6.25], "texture": "#0"},
				"west": {"uv": [0.5, 5.75, 0.75, 6.25], "texture": "#0"},
				"up": {"uv": [2, 7.75, 1.75, 7.5], "texture": "#0"},
				"down": {"uv": [7.75, 1.75, 7.5, 2], "texture": "#0"}
			}
		},
		{
			"name": "hexadecagon",
			"from": [7.275, -4.99265, 4.30865],
			"to": [7.725, -4.27656, 4.75865],
			"rotation": {"angle": 0, "axis": "x", "origin": [7.05, -4.6346, 6.10865]},
			"faces": {
				"north": {"uv": [2, 7.5, 2.25, 7.75], "texture": "#0"},
				"east": {"uv": [7.5, 2, 7.75, 2.25], "texture": "#0"},
				"south": {"uv": [2.25, 7.5, 2.5, 7.75], "texture": "#0"},
				"west": {"uv": [7.5, 2.25, 7.75, 2.5], "texture": "#0"},
				"up": {"uv": [2.75, 7.75, 2.5, 7.5], "texture": "#0"},
				"down": {"uv": [7.75, 2.5, 7.5, 2.75], "texture": "#0"}
			}
		},
		{
			"name": "hexadecagon",
			"from": [7.275, -4.99265, 4.30865],
			"to": [7.725, -4.27656, 4.75865],
			"rotation": {"angle": 22.5, "axis": "x", "origin": [7.05, -4.6346, 6.10865]},
			"faces": {
				"north": {"uv": [2.75, 7.5, 3, 7.75], "texture": "#0"},
				"east": {"uv": [7.5, 2.75, 7.75, 3], "texture": "#0"},
				"south": {"uv": [3, 7.5, 3.25, 7.75], "texture": "#0"},
				"west": {"uv": [7.5, 3, 7.75, 3.25], "texture": "#0"},
				"up": {"uv": [3.5, 7.75, 3.25, 7.5], "texture": "#0"},
				"down": {"uv": [7.75, 3.25, 7.5, 3.5], "texture": "#0"}
			}
		},
		{
			"name": "hexadecagon",
			"from": [7.275, -4.99265, 4.30865],
			"to": [7.725, -4.27656, 4.75865],
			"rotation": {"angle": 45, "axis": "x", "origin": [7.05, -4.6346, 6.10865]},
			"faces": {
				"north": {"uv": [3.5, 7.5, 3.75, 7.75], "texture": "#0"},
				"east": {"uv": [7.5, 3.5, 7.75, 3.75], "texture": "#0"},
				"south": {"uv": [3.75, 7.5, 4, 7.75], "texture": "#0"},
				"west": {"uv": [7.5, 3.75, 7.75, 4], "texture": "#0"},
				"up": {"uv": [4.25, 7.75, 4, 7.5], "texture": "#0"},
				"down": {"uv": [7.75, 4, 7.5, 4.25], "texture": "#0"}
			}
		},
		{
			"name": "hexadecagon",
			"from": [7.275, -4.99265, 7.45865],
			"to": [7.725, -4.27656, 7.90865],
			"rotation": {"angle": -45, "axis": "x", "origin": [7.05, -4.6346, 6.10865]},
			"faces": {
				"north": {"uv": [7.75, 3.25, 8, 3.5], "texture": "#0"},
				"east": {"uv": [3.5, 7.75, 3.75, 8], "texture": "#0"},
				"south": {"uv": [7.75, 3.5, 8, 3.75], "texture": "#0"},
				"west": {"uv": [3.75, 7.75, 4, 8], "texture": "#0"},
				"up": {"uv": [8, 4, 7.75, 3.75], "texture": "#0"},
				"down": {"uv": [4.25, 7.75, 4, 8], "texture": "#0"}
			}
		},
		{
			"name": "hexadecagon",
			"from": [7.275, -4.99265, 7.45865],
			"to": [7.725, -4.27656, 8.08865],
			"rotation": {"angle": -22.5, "axis": "x", "origin": [7.05, -4.6346, 6.10865]},
			"faces": {
				"north": {"uv": [7.75, 1.75, 8, 2], "texture": "#0"},
				"east": {"uv": [2, 7.75, 2.25, 8], "texture": "#0"},
				"south": {"uv": [7.75, 2, 8, 2.25], "texture": "#0"},
				"west": {"uv": [2.25, 7.75, 2.5, 8], "texture": "#0"},
				"up": {"uv": [8, 2.5, 7.75, 2.25], "texture": "#0"},
				"down": {"uv": [2.75, 7.75, 2.5, 8], "texture": "#0"}
			}
		},
		{
			"name": "hexadecagon",
			"from": [7.275, -4.99265, 7.45865],
			"to": [7.725, -4.27656, 7.90865],
			"rotation": {"angle": 0, "axis": "x", "origin": [7.05, -4.6346, 6.10865]},
			"faces": {
				"north": {"uv": [7.75, 2.5, 8, 2.75], "texture": "#0"},
				"east": {"uv": [2.75, 7.75, 3, 8], "texture": "#0"},
				"south": {"uv": [7.75, 2.75, 8, 3], "texture": "#0"},
				"west": {"uv": [3, 7.75, 3.25, 8], "texture": "#0"},
				"up": {"uv": [8, 3.25, 7.75, 3], "texture": "#0"},
				"down": {"uv": [3.5, 7.75, 3.25, 8], "texture": "#0"}
			}
		},
		{
			"name": "hexadecagon",
			"from": [7.275, -4.99265, 7.45865],
			"to": [7.725, -2.83656, 7.90865],
			"rotation": {"angle": 22.5, "axis": "x", "origin": [7.05, -4.6346, 6.10865]},
			"faces": {
				"north": {"uv": [5.75, 0.5, 6, 1], "texture": "#0"},
				"east": {"uv": [1, 5.75, 1.25, 6.25], "texture": "#0"},
				"south": {"uv": [1.25, 5.75, 1.5, 6.25], "texture": "#0"},
				"west": {"uv": [5.75, 1.5, 6, 2], "texture": "#0"},
				"up": {"uv": [4.5, 7.75, 4.25, 7.5], "texture": "#0"},
				"down": {"uv": [7.75, 4.25, 7.5, 4.5], "texture": "#0"}
			}
		},
		{
			"name": "hexadecagon",
			"from": [7.275, -4.99265, 7.45865],
			"to": [7.725, -4.27656, 7.90865],
			"rotation": {"angle": 45, "axis": "x", "origin": [7.05, -4.6346, 6.10865]},
			"faces": {
				"north": {"uv": [4.5, 7.5, 4.75, 7.75], "texture": "#0"},
				"east": {"uv": [7.5, 4.5, 7.75, 4.75], "texture": "#0"},
				"south": {"uv": [4.75, 7.5, 5, 7.75], "texture": "#0"},
				"west": {"uv": [7.5, 4.75, 7.75, 5], "texture": "#0"},
				"up": {"uv": [5.25, 7.75, 5, 7.5], "texture": "#0"},
				"down": {"uv": [7.75, 5, 7.5, 5.25], "texture": "#0"}
			}
		},
		{
			"name": "hexadecagon",
			"from": [7.275, -6.4346, 4.2206],
			"to": [7.725, -5.9846, 6.46669],
			"rotation": {"angle": -22.5, "axis": "x", "origin": [7.05, -4.6346, 6.10865]},
			"faces": {
				"north": {"uv": [5.25, 7.5, 5.5, 7.75], "texture": "#0"},
				"east": {"uv": [5.75, 1, 6.25, 1.25], "texture": "#0"},
				"south": {"uv": [7.5, 5.25, 7.75, 5.5], "texture": "#0"},
				"west": {"uv": [5.75, 2, 6.25, 2.25], "texture": "#0"},
				"up": {"uv": [2, 6.25, 1.75, 5.75], "texture": "#0"},
				"down": {"uv": [2.5, 5.75, 2.25, 6.25], "texture": "#0"}
			}
		},
		{
			"name": "hexadecagon",
			"from": [7.275, -6.60551, 4.87961],
			"to": [7.725, -5.95692, 5.55461],
			"rotation": {"angle": 0, "axis": "x", "origin": [7.5, -6.38247, 6.00461]},
			"faces": {
				"north": {"uv": [7.75, 1, 8, 1.25], "texture": "#0"},
				"east": {"uv": [1.25, 7.75, 1.5, 8], "texture": "#0"},
				"south": {"uv": [7.75, 1.25, 8, 1.5], "texture": "#0"},
				"west": {"uv": [1.5, 7.75, 1.75, 8], "texture": "#0"},
				"up": {"uv": [8, 1.75, 7.75, 1.5], "texture": "#0"},
				"down": {"uv": [2, 7.75, 1.75, 8], "texture": "#0"}
			}
		},
		{
			"name": "hexadecagon",
			"from": [7.275, -7.02, 4.87961],
			"to": [7.725, -6.57142, 5.05461],
			"rotation": {"angle": 0, "axis": "y", "origin": [7.5, -6.38247, 6.00461]},
			"faces": {
				"north": {"uv": [7.75, 4, 8, 4.25], "texture": "#0"},
				"east": {"uv": [4.25, 7.75, 4.5, 8], "texture": "#0"},
				"south": {"uv": [7.75, 4.25, 8, 4.5], "texture": "#0"},
				"west": {"uv": [4.5, 7.75, 4.75, 8], "texture": "#0"},
				"up": {"uv": [8, 4.75, 7.75, 4.5], "texture": "#0"},
				"down": {"uv": [5, 7.75, 4.75, 8], "texture": "#0"}
			}
		},
		{
			"name": "hexadecagon",
			"from": [7.275, -6.4346, 5.7506],
			"to": [7.725, -5.9846, 6.46669],
			"rotation": {"angle": 0, "axis": "x", "origin": [7.05, -4.6346, 6.10865]},
			"faces": {
				"north": {"uv": [5.5, 7.5, 5.75, 7.75], "texture": "#0"},
				"east": {"uv": [7.5, 5.5, 7.75, 5.75], "texture": "#0"},
				"south": {"uv": [5.75, 7.5, 6, 7.75], "texture": "#0"},
				"west": {"uv": [7.5, 5.75, 7.75, 6], "texture": "#0"},
				"up": {"uv": [6.25, 7.75, 6, 7.5], "texture": "#0"},
				"down": {"uv": [7.75, 6, 7.5, 6.25], "texture": "#0"}
			}
		},
		{
			"name": "hexadecagon",
			"from": [7.275, -6.4346, 5.7506],
			"to": [7.725, -5.9846, 6.46669],
			"rotation": {"angle": 22.5, "axis": "x", "origin": [7.05, -4.6346, 6.10865]},
			"faces": {
				"north": {"uv": [6.25, 7.5, 6.5, 7.75], "texture": "#0"},
				"east": {"uv": [7.5, 6.25, 7.75, 6.5], "texture": "#0"},
				"south": {"uv": [6.5, 7.5, 6.75, 7.75], "texture": "#0"},
				"west": {"uv": [7.5, 6.5, 7.75, 6.75], "texture": "#0"},
				"up": {"uv": [7, 7.75, 6.75, 7.5], "texture": "#0"},
				"down": {"uv": [7.75, 6.75, 7.5, 7], "texture": "#0"}
			}
		},
		{
			"name": "hexadecagon",
			"from": [7.275, -3.2846, 5.7506],
			"to": [7.725, -2.8346, 6.96669],
			"rotation": {"angle": -22.5, "axis": "x", "origin": [7.05, -4.6346, 6.10865]},
			"faces": {
				"north": {"uv": [7, 7.5, 7.25, 7.75], "texture": "#0"},
				"east": {"uv": [7.5, 7, 7.75, 7.25], "texture": "#0"},
				"south": {"uv": [7.25, 7.5, 7.5, 7.75], "texture": "#0"},
				"west": {"uv": [7.5, 7.25, 7.75, 7.5], "texture": "#0"},
				"up": {"uv": [7.75, 7.75, 7.5, 7.5], "texture": "#0"},
				"down": {"uv": [0.25, 7.75, 0, 8], "texture": "#0"}
			}
		},
		{
			"name": "hexadecagon",
			"from": [7.275, -3.2846, 5.7506],
			"to": [7.725, -2.8346, 6.46669],
			"rotation": {"angle": 0, "axis": "x", "origin": [7.05, -4.6346, 6.10865]},
			"faces": {
				"north": {"uv": [7.75, 0, 8, 0.25], "texture": "#0"},
				"east": {"uv": [0.25, 7.75, 0.5, 8], "texture": "#0"},
				"south": {"uv": [7.75, 0.25, 8, 0.5], "texture": "#0"},
				"west": {"uv": [0.5, 7.75, 0.75, 8], "texture": "#0"},
				"up": {"uv": [8, 0.75, 7.75, 0.5], "texture": "#0"},
				"down": {"uv": [1, 7.75, 0.75, 8], "texture": "#0"}
			}
		},
		{
			"name": "hexadecagon",
			"from": [7.275, -3.2846, 5.7506],
			"to": [7.725, -2.8346, 7.45669],
			"rotation": {"angle": 22.5, "axis": "x", "origin": [7.05, -4.6346, 6.10865]},
			"faces": {
				"north": {"uv": [7.75, 0.75, 8, 1], "texture": "#0"},
				"east": {"uv": [5.75, 2.25, 6.25, 2.5], "texture": "#0"},
				"south": {"uv": [1, 7.75, 1.25, 8], "texture": "#0"},
				"west": {"uv": [5.75, 2.75, 6.25, 3], "texture": "#0"},
				"up": {"uv": [2.75, 6.25, 2.5, 5.75], "texture": "#0"},
				"down": {"uv": [3.25, 5.75, 3, 6.25], "texture": "#0"}
			}
		}
	],
	"display": {
		"thirdperson_righthand": {
			"rotation": [-147, -180, 0],
			"translation": [0, -6, -2.5],
			"scale": [0.39, 0.39, 0.39]
		},
		"thirdperson_lefthand": {
			"scale": [0, 0, 0]
		},
		"firstperson_righthand": {
			"rotation": [0, -4, -91],
			"translation": [16.75, -12.25, -26.5],
			"scale": [1.33, 1.33, 1.33]
		},
		"firstperson_lefthand": {
			"scale": [0, 0, 0]
		},
		"ground": {
			"rotation": [0, 0, 100],
			"translation": [0, 5.5, 1],
			"scale": [0.4, 0.4, 0.4]
		},
		"gui": {
			"rotation": [-106, 133, 106],
			"translation": [4.75, 0.75, 0],
			"scale": [0.77, 0.77, 0.77]
		},
		"head": {
			"scale": [0, 0, 0]
		},
		"fixed": {
			"rotation": [-89, 127, 90],
			"translation": [9.75, 2.5, -3.5],
			"scale": [1.35, 1.35, 1.35]
		}
	},
	"groups": [
		0,
		1,
		2,
		3,
		4,
		5,
		6,
		7,
		8,
		9,
		10,
		11,
		12,
		13,
		14,
		15,
		16,
		17,
		18,
		19,
		20,
		21,
		22,
		23,
		24,
		25,
		26,
		27,
		28,
		29,
		30,
		31,
		32,
		33,
		34,
		35,
		36,
		37,
		38,
		39,
		40,
		41,
		42,
		43,
		44,
		45,
		46,
		47,
		48,
		49,
		50,
		51,
		52,
		53,
		54,
		55,
		56,
		57,
		58,
		59,
		60,
		61,
		62,
		63,
		64,
		65,
		66,
		67,
		68,
		69,
		70,
		71,
		72,
		73,
		74,
		75,
		76,
		77,
		78,
		79,
		80,
		81,
		82,
		83,
		84,
		85,
		86,
		87,
		88,
		89,
		90,
		91,
		92,
		93,
		94,
		95,
		96,
		97,
		98,
		99,
		100,
		101,
		102,
		103,
		104,
		105,
		106,
		107,
		108,
		109,
		110,
		111,
		112,
		113,
		114,
		115,
		{
			"name": "hexadecagon",
			"origin": [8, 8, 8],
			"color": 0,
			"children": [116, 117, 118, 119, 120, 121, 122, 123, 124, 125, 126, 127, 128, 129, 130, 131, 132, 133]
		}
	]
}