{
	"credit": "Made with Blockbench",
	"textures": {
		"0": "item/assault_rifle_textures/ipimalyuk/malyuk",
		"1": "item/assault_rifle_textures/ipimalyuk/malyuk_magazine",
		"1_1": "item/assault_rifle_textures/ak2012/545x93bullet"
	},
	"elements": [
		{
			"from": [7.205, 4.66928, 8.26863],
			"to": [8.805, 7.62928, 11.61863],
			"rotation": {"angle": 0, "axis": "y", "origin": [8.005, 2.79928, 8.94363]},
			"faces": {
				"north": {"uv": [1.125, 7.625, 1.3125, 8.03125], "texture": "#0"},
				"east": {"uv": [4.5, 5.25, 4.90625, 5.65625], "texture": "#0"},
				"south": {"uv": [1.375, 7.625, 1.5625, 8.03125], "texture": "#0"},
				"west": {"uv": [5, 5.25, 5.40625, 5.65625], "texture": "#0"},
				"up": {"uv": [1.8125, 8.03125, 1.625, 7.625], "texture": "#0"},
				"down": {"uv": [2.8125, 7.625, 2.625, 8.03125], "texture": "#0"}
			}
		},
		{
			"from": [7.23, 0.79428, 8.71863],
			"to": [8.78, 5.60428, 12.06863],
			"rotation": {"angle": 22.5, "axis": "x", "origin": [8.005, 6.27428, 9.56863]},
			"faces": {
				"north": {"uv": [6.5, 4.75, 6.6875, 5.34375], "texture": "#0"},
				"east": {"uv": [3.75, 3.625, 4.15625, 4.21875], "texture": "#0"},
				"south": {"uv": [5.375, 6.5, 5.5625, 7.09375], "texture": "#0"},
				"west": {"uv": [3.875, 0, 4.28125, 0.59375], "texture": "#0"},
				"up": {"uv": [3.3125, 8.03125, 3.125, 7.625], "texture": "#0"},
				"down": {"uv": [7.8125, 3.75, 7.625, 4.15625], "texture": "#0"}
			}
		},
		{
			"from": [7.18, 5.14428, 8.61863],
			"to": [7.33, 8.35428, 8.79363],
			"rotation": {"angle": 0, "axis": "y", "origin": [8.005, 2.72428, 8.79363]},
			"faces": {
				"north": {"uv": [6.875, 10.125, 7, 10.53125], "texture": "#0"},
				"east": {"uv": [5.375, 0, 5.78125, 0.40625], "texture": "#0"},
				"south": {"uv": [7.125, 10.125, 7.25, 10.53125], "texture": "#0"},
				"west": {"uv": [1.5, 5.375, 1.90625, 5.78125], "texture": "#0"},
				"up": {"uv": [10.25, 8.28125, 10.125, 7.875], "texture": "#0"},
				"down": {"uv": [8.5, 10.125, 8.375, 10.53125], "texture": "#0"}
			}
		},
		{
			"from": [7.18, -1.02863, 9.05609],
			"to": [8.83, 0.98137, 9.23109],
			"rotation": {"angle": 45, "axis": "x", "origin": [8.005, 2.80137, 9.15609]},
			"faces": {
				"north": {"uv": [5, 7.625, 5.125, 8.21875], "texture": "#0"},
				"east": {"uv": [3, 4, 3.40625, 4.59375], "texture": "#0"},
				"south": {"uv": [5.125, 7.625, 5.25, 8.21875], "texture": "#0"},
				"west": {"uv": [3.5, 4.25, 3.90625, 4.84375], "texture": "#0"},
				"up": {"uv": [3, 10.53125, 2.875, 10.125], "texture": "#0"},
				"down": {"uv": [3.125, 10.125, 3, 10.53125], "texture": "#0"}
			}
		},
		{
			"from": [7.18, 1.01928, 9.64363],
			"to": [8.83, 4.77928, 9.81863],
			"rotation": {"angle": 22.5, "axis": "x", "origin": [8.005, 5.99928, 9.99363]},
			"faces": {
				"north": {"uv": [0.625, 4.875, 0.75, 5.46875], "texture": "#0"},
				"east": {"uv": [2, 4, 2.40625, 4.59375], "texture": "#0"},
				"south": {"uv": [3.375, 7.625, 3.5, 8.21875], "texture": "#0"},
				"west": {"uv": [2.5, 4, 2.90625, 4.59375], "texture": "#0"},
				"up": {"uv": [0.625, 10.53125, 0.5, 10.125], "texture": "#0"},
				"down": {"uv": [0.75, 10.125, 0.625, 10.53125], "texture": "#0"}
			}
		},
		{
			"from": [7.18, -1.45363, 9.63109],
			"to": [8.83, 0.68137, 9.80609],
			"rotation": {"angle": 45, "axis": "x", "origin": [8.005, 2.50137, 9.73109]},
			"faces": {
				"north": {"uv": [5, 7.625, 5.125, 8.21875], "texture": "#0"},
				"east": {"uv": [3, 4, 3.40625, 4.59375], "texture": "#0"},
				"south": {"uv": [5.125, 7.625, 5.25, 8.21875], "texture": "#0"},
				"west": {"uv": [3.5, 4.25, 3.90625, 4.84375], "texture": "#0"},
				"up": {"uv": [3, 10.53125, 2.875, 10.125], "texture": "#0"},
				"down": {"uv": [3.125, 10.125, 3, 10.53125], "texture": "#0"}
			}
		},
		{
			"from": [7.18, 4.64428, 9.76863],
			"to": [7.33, 8.35428, 9.94363],
			"rotation": {"angle": 0, "axis": "y", "origin": [8.005, 2.22428, 9.94363]},
			"faces": {
				"north": {"uv": [6.875, 10.125, 7, 10.53125], "texture": "#0"},
				"east": {"uv": [5.375, 0, 5.78125, 0.40625], "texture": "#0"},
				"south": {"uv": [7.125, 10.125, 7.25, 10.53125], "texture": "#0"},
				"west": {"uv": [1.5, 5.375, 1.90625, 5.78125], "texture": "#0"},
				"up": {"uv": [10.25, 8.28125, 10.125, 7.875], "texture": "#0"},
				"down": {"uv": [8.5, 10.125, 8.375, 10.53125], "texture": "#0"}
			}
		},
		{
			"from": [7.205, -2.22863, 10.50609],
			"to": [8.83, 0.33137, 10.78109],
			"rotation": {"angle": 45, "axis": "x", "origin": [8.005, 2.15137, 10.70609]},
			"faces": {
				"north": {"uv": [5, 7.625, 5.125, 8.21875], "texture": "#0"},
				"east": {"uv": [3, 4, 3.40625, 4.59375], "texture": "#0"},
				"south": {"uv": [5.125, 7.625, 5.25, 8.21875], "texture": "#0"},
				"west": {"uv": [3.5, 4.25, 3.90625, 4.84375], "texture": "#0"},
				"up": {"uv": [3, 10.53125, 2.875, 10.125], "texture": "#0"},
				"down": {"uv": [3.125, 10.125, 3, 10.53125], "texture": "#0"}
			}
		},
		{
			"from": [7.205, -3.07863, 8.00609],
			"to": [8.83, -2.66863, 10.78109],
			"rotation": {"angle": 45, "axis": "x", "origin": [8.005, 2.15137, 10.70609]},
			"faces": {
				"north": {"uv": [5, 7.625, 5.125, 8.21875], "texture": "#0"},
				"east": {"uv": [3, 4, 3.40625, 4.59375], "texture": "#0"},
				"south": {"uv": [5.125, 7.625, 5.25, 8.21875], "texture": "#0"},
				"west": {"uv": [3.5, 4.25, 3.90625, 4.84375], "texture": "#0"},
				"up": {"uv": [3, 10.53125, 2.875, 10.125], "texture": "#0"},
				"down": {"uv": [3.125, 10.125, 3, 10.53125], "texture": "#0"}
			}
		},
		{
			"from": [7.205, -3.60363, 8.00609],
			"to": [8.83, -3.34363, 10.78109],
			"rotation": {"angle": 45, "axis": "x", "origin": [8.005, 2.15137, 10.70609]},
			"faces": {
				"north": {"uv": [5, 7.625, 5.125, 8.21875], "texture": "#0"},
				"east": {"uv": [3, 4, 3.40625, 4.59375], "texture": "#0"},
				"south": {"uv": [5.125, 7.625, 5.25, 8.21875], "texture": "#0"},
				"west": {"uv": [3.5, 4.25, 3.90625, 4.84375], "texture": "#0"},
				"up": {"uv": [3, 10.53125, 2.875, 10.125], "texture": "#0"},
				"down": {"uv": [3.125, 10.125, 3, 10.53125], "texture": "#0"}
			}
		},
		{
			"from": [7.455, -3.07863, 7.13109],
			"to": [8.555, -2.66863, 8.05609],
			"rotation": {"angle": 45, "axis": "x", "origin": [8.005, 2.15137, 10.70609]},
			"faces": {
				"north": {"uv": [5, 7.625, 5.125, 8.21875], "texture": "#0"},
				"east": {"uv": [3, 4, 3.40625, 4.59375], "texture": "#0"},
				"south": {"uv": [5.125, 7.625, 5.25, 8.21875], "texture": "#0"},
				"west": {"uv": [3.5, 4.25, 3.90625, 4.84375], "texture": "#0"},
				"up": {"uv": [3, 10.53125, 2.875, 10.125], "texture": "#0"},
				"down": {"uv": [3.125, 10.125, 3, 10.53125], "texture": "#0"}
			}
		},
		{
			"from": [7.455, -3.60363, 7.13109],
			"to": [8.555, -3.34363, 8.05609],
			"rotation": {"angle": 45, "axis": "x", "origin": [8.005, 2.15137, 10.70609]},
			"faces": {
				"north": {"uv": [5, 7.625, 5.125, 8.21875], "texture": "#0"},
				"east": {"uv": [3, 4, 3.40625, 4.59375], "texture": "#0"},
				"south": {"uv": [5.125, 7.625, 5.25, 8.21875], "texture": "#0"},
				"west": {"uv": [3.5, 4.25, 3.90625, 4.84375], "texture": "#0"},
				"up": {"uv": [3, 10.53125, 2.875, 10.125], "texture": "#0"},
				"down": {"uv": [3.125, 10.125, 3, 10.53125], "texture": "#0"}
			}
		},
		{
			"from": [7.205, 0.36928, 11.09363],
			"to": [8.83, 4.12928, 11.36863],
			"rotation": {"angle": 22.5, "axis": "x", "origin": [8.005, 5.34928, 11.54363]},
			"faces": {
				"north": {"uv": [0.625, 4.875, 0.75, 5.46875], "texture": "#0"},
				"east": {"uv": [2, 4, 2.40625, 4.59375], "texture": "#0"},
				"south": {"uv": [3.375, 7.625, 3.5, 8.21875], "texture": "#0"},
				"west": {"uv": [2.5, 4, 2.90625, 4.59375], "texture": "#0"},
				"up": {"uv": [0.625, 10.53125, 0.5, 10.125], "texture": "#0"},
				"down": {"uv": [0.75, 10.125, 0.625, 10.53125], "texture": "#0"}
			}
		},
		{
			"from": [7.18, 4.29428, 10.64363],
			"to": [7.33, 8.35428, 10.91863],
			"rotation": {"angle": 0, "axis": "y", "origin": [8.005, 1.87428, 10.91863]},
			"faces": {
				"north": {"uv": [6.875, 10.125, 7, 10.53125], "texture": "#0"},
				"east": {"uv": [5.375, 0, 5.78125, 0.40625], "texture": "#0"},
				"south": {"uv": [7.125, 10.125, 7.25, 10.53125], "texture": "#0"},
				"west": {"uv": [1.5, 5.375, 1.90625, 5.78125], "texture": "#0"},
				"up": {"uv": [10.25, 8.28125, 10.125, 7.875], "texture": "#0"},
				"down": {"uv": [8.5, 10.125, 8.375, 10.53125], "texture": "#0"}
			}
		},
		{
			"from": [8.67, 5.14428, 8.61863],
			"to": [8.82, 8.35428, 8.79363],
			"rotation": {"angle": 0, "axis": "y", "origin": [8.745, 6.53678, 9.74363]},
			"faces": {
				"north": {"uv": [7, 10.125, 6.875, 10.53125], "texture": "#0"},
				"east": {"uv": [1.90625, 5.375, 1.5, 5.78125], "texture": "#0"},
				"south": {"uv": [7.25, 10.125, 7.125, 10.53125], "texture": "#0"},
				"west": {"uv": [5.78125, 0, 5.375, 0.40625], "texture": "#0"},
				"up": {"uv": [10.125, 8.28125, 10.25, 7.875], "texture": "#0"},
				"down": {"uv": [8.375, 10.125, 8.5, 10.53125], "texture": "#0"}
			}
		},
		{
			"from": [8.67, 4.94428, 9.19363],
			"to": [8.82, 8.35428, 9.36863],
			"rotation": {"angle": 0, "axis": "y", "origin": [8.745, 6.53678, 9.74363]},
			"faces": {
				"north": {"uv": [7, 10.125, 6.875, 10.53125], "texture": "#0"},
				"east": {"uv": [1.90625, 5.375, 1.5, 5.78125], "texture": "#0"},
				"south": {"uv": [7.25, 10.125, 7.125, 10.53125], "texture": "#0"},
				"west": {"uv": [5.78125, 0, 5.375, 0.40625], "texture": "#0"},
				"up": {"uv": [10.125, 8.28125, 10.25, 7.875], "texture": "#0"},
				"down": {"uv": [8.375, 10.125, 8.5, 10.53125], "texture": "#0"}
			}
		},
		{
			"from": [8.67, 4.64428, 9.76863],
			"to": [8.82, 8.35428, 9.94363],
			"rotation": {"angle": 0, "axis": "y", "origin": [8.745, 6.53678, 9.74363]},
			"faces": {
				"north": {"uv": [7, 10.125, 6.875, 10.53125], "texture": "#0"},
				"east": {"uv": [1.90625, 5.375, 1.5, 5.78125], "texture": "#0"},
				"south": {"uv": [7.25, 10.125, 7.125, 10.53125], "texture": "#0"},
				"west": {"uv": [5.78125, 0, 5.375, 0.40625], "texture": "#0"},
				"up": {"uv": [10.125, 8.28125, 10.25, 7.875], "texture": "#0"},
				"down": {"uv": [8.375, 10.125, 8.5, 10.53125], "texture": "#0"}
			}
		},
		{
			"from": [8.67, 4.29428, 10.64363],
			"to": [8.82, 8.35428, 10.91863],
			"rotation": {"angle": 0, "axis": "y", "origin": [8.745, 6.53678, 9.74363]},
			"faces": {
				"north": {"uv": [7, 10.125, 6.875, 10.53125], "texture": "#0"},
				"east": {"uv": [1.90625, 5.375, 1.5, 5.78125], "texture": "#0"},
				"south": {"uv": [7.25, 10.125, 7.125, 10.53125], "texture": "#0"},
				"west": {"uv": [5.78125, 0, 5.375, 0.40625], "texture": "#0"},
				"up": {"uv": [10.125, 8.28125, 10.25, 7.875], "texture": "#0"},
				"down": {"uv": [8.375, 10.125, 8.5, 10.53125], "texture": "#0"}
			}
		},
		{
			"from": [7.18, 0.71928, 10.21863],
			"to": [8.83, 4.47928, 10.39363],
			"rotation": {"angle": 22.5, "axis": "x", "origin": [8.005, 5.69928, 10.56863]},
			"faces": {
				"north": {"uv": [0.625, 4.875, 0.75, 5.46875], "texture": "#0"},
				"east": {"uv": [2, 4, 2.40625, 4.59375], "texture": "#0"},
				"south": {"uv": [3.375, 7.625, 3.5, 8.21875], "texture": "#0"},
				"west": {"uv": [2.5, 4, 2.90625, 4.59375], "texture": "#0"},
				"up": {"uv": [0.625, 10.53125, 0.5, 10.125], "texture": "#0"},
				"down": {"uv": [0.75, 10.125, 0.625, 10.53125], "texture": "#0"}
			}
		},
		{
			"from": [7.18, 4.94428, 9.19363],
			"to": [7.33, 8.35428, 9.36863],
			"rotation": {"angle": 0, "axis": "y", "origin": [8.005, 2.52428, 9.36863]},
			"faces": {
				"north": {"uv": [6.875, 10.125, 7, 10.53125], "texture": "#0"},
				"east": {"uv": [5.375, 0, 5.78125, 0.40625], "texture": "#0"},
				"south": {"uv": [7.125, 10.125, 7.25, 10.53125], "texture": "#0"},
				"west": {"uv": [1.5, 5.375, 1.90625, 5.78125], "texture": "#0"},
				"up": {"uv": [10.25, 8.28125, 10.125, 7.875], "texture": "#0"},
				"down": {"uv": [8.5, 10.125, 8.375, 10.53125], "texture": "#0"}
			}
		},
		{
			"from": [7.18, 1.21928, 9.06863],
			"to": [8.83, 4.97928, 9.24363],
			"rotation": {"angle": 22.5, "axis": "x", "origin": [8.005, 6.19928, 9.41863]},
			"faces": {
				"north": {"uv": [0.625, 4.875, 0.75, 5.46875], "texture": "#0"},
				"east": {"uv": [2, 4, 2.40625, 4.59375], "texture": "#0"},
				"south": {"uv": [3.375, 7.625, 3.5, 8.21875], "texture": "#0"},
				"west": {"uv": [2.5, 4, 2.90625, 4.59375], "texture": "#0"},
				"up": {"uv": [0.625, 10.53125, 0.5, 10.125], "texture": "#0"},
				"down": {"uv": [0.75, 10.125, 0.625, 10.53125], "texture": "#0"}
			}
		},
		{
			"from": [7.18, -0.62863, 8.48109],
			"to": [8.83, 1.18137, 8.65609],
			"rotation": {"angle": 45, "axis": "x", "origin": [8.005, 3.00137, 8.58109]},
			"faces": {
				"north": {"uv": [5, 7.625, 5.125, 8.21875], "texture": "#0"},
				"east": {"uv": [3, 4, 3.40625, 4.59375], "texture": "#0"},
				"south": {"uv": [5.125, 7.625, 5.25, 8.21875], "texture": "#0"},
				"west": {"uv": [3.5, 4.25, 3.90625, 4.84375], "texture": "#0"},
				"up": {"uv": [3, 10.53125, 2.875, 10.125], "texture": "#0"},
				"down": {"uv": [3.125, 10.125, 3, 10.53125], "texture": "#0"}
			}
		},
		{
			"from": [7.255, -2.87863, 8.13109],
			"to": [8.755, 1.83137, 11.48109],
			"rotation": {"angle": 45, "axis": "x", "origin": [8.005, 3.07637, 8.73109]},
			"faces": {
				"north": {"uv": [6.5, 5.375, 6.6875, 5.96875], "texture": "#0"},
				"east": {"uv": [3.875, 0.625, 4.28125, 1.21875], "texture": "#0"},
				"south": {"uv": [5.625, 6.5, 5.8125, 7.09375], "texture": "#0"},
				"west": {"uv": [1.5, 4, 1.90625, 4.59375], "texture": "#0"},
				"up": {"uv": [7.8125, 4.65625, 7.625, 4.25], "texture": "#0"},
				"down": {"uv": [4.8125, 7.625, 4.625, 8.03125], "texture": "#0"}
			}
		},
		{
			"from": [7.48, 5.16928, 7.61863],
			"to": [8.53, 8.37928, 8.06863],
			"rotation": {"angle": 0, "axis": "y", "origin": [8.005, 3.29928, 8.24363]},
			"faces": {
				"north": {"uv": [1.125, 7.625, 1.3125, 8.03125], "texture": "#0"},
				"east": {"uv": [4.5, 5.25, 4.90625, 5.65625], "texture": "#0"},
				"south": {"uv": [1.375, 7.625, 1.5625, 8.03125], "texture": "#0"},
				"west": {"uv": [5, 5.25, 5.40625, 5.65625], "texture": "#0"},
				"up": {"uv": [1.8125, 8.03125, 1.625, 7.625], "texture": "#0"},
				"down": {"uv": [2.8125, 7.625, 2.625, 8.03125], "texture": "#0"}
			}
		},
		{
			"from": [8.38, 3.79428, 7.81863],
			"to": [8.705, 8.37928, 8.51863],
			"rotation": {"angle": 22.5, "axis": "y", "origin": [8.155, 6.77428, 8.16863]},
			"faces": {
				"north": {"uv": [1.125, 7.625, 1.3125, 8.03125], "texture": "#0"},
				"east": {"uv": [4.5, 5.25, 4.90625, 5.65625], "texture": "#0"},
				"south": {"uv": [1.375, 7.625, 1.5625, 8.03125], "texture": "#0"},
				"west": {"uv": [5, 5.25, 5.40625, 5.65625], "texture": "#0"},
				"up": {"uv": [1.8125, 8.03125, 1.625, 7.625], "texture": "#0"},
				"down": {"uv": [2.8125, 7.625, 2.625, 8.03125], "texture": "#0"}
			}
		},
		{
			"from": [7.3283, 3.79428, 7.65121],
			"to": [7.6533, 8.37928, 8.35121],
			"rotation": {"angle": -22.5, "axis": "y", "origin": [7.4408, 6.08678, 8.00121]},
			"faces": {
				"north": {"uv": [1.3125, 7.625, 1.125, 8.03125], "texture": "#0"},
				"east": {"uv": [5.40625, 5.25, 5, 5.65625], "texture": "#0"},
				"south": {"uv": [1.5625, 7.625, 1.375, 8.03125], "texture": "#0"},
				"west": {"uv": [4.90625, 5.25, 4.5, 5.65625], "texture": "#0"},
				"up": {"uv": [1.625, 8.03125, 1.8125, 7.625], "texture": "#0"},
				"down": {"uv": [2.625, 7.625, 2.8125, 8.03125], "texture": "#0"}
			}
		},
		{
			"from": [7.48, 1.29428, 8.01863],
			"to": [8.53, 6.10428, 11.36863],
			"rotation": {"angle": 22.5, "axis": "x", "origin": [8.005, 6.77428, 8.86863]},
			"faces": {
				"north": {"uv": [6.5, 4.75, 6.6875, 5.34375], "texture": "#0"},
				"east": {"uv": [3.75, 3.625, 4.15625, 4.21875], "texture": "#0"},
				"south": {"uv": [5.375, 6.5, 5.5625, 7.09375], "texture": "#0"},
				"west": {"uv": [3.875, 0, 4.28125, 0.59375], "texture": "#0"},
				"up": {"uv": [3.3125, 8.03125, 3.125, 7.625], "texture": "#0"},
				"down": {"uv": [7.8125, 3.75, 7.625, 4.15625], "texture": "#0"}
			}
		},
		{
			"from": [7.505, -2.20363, 7.43109],
			"to": [8.505, 2.33137, 10.78109],
			"rotation": {"angle": 45, "axis": "x", "origin": [8.005, 3.57637, 8.03109]},
			"faces": {
				"north": {"uv": [6.5, 5.375, 6.6875, 5.96875], "texture": "#0"},
				"east": {"uv": [3.875, 0.625, 4.28125, 1.21875], "texture": "#0"},
				"south": {"uv": [5.625, 6.5, 5.8125, 7.09375], "texture": "#0"},
				"west": {"uv": [1.5, 4, 1.90625, 4.59375], "texture": "#0"},
				"up": {"uv": [7.8125, 4.65625, 7.625, 4.25], "texture": "#0"},
				"down": {"uv": [4.8125, 7.625, 4.625, 8.03125], "texture": "#0"}
			}
		},
		{
			"from": [7.205, 7.625, 9.8],
			"to": [7.405, 8.85, 11.425],
			"rotation": {"angle": 0, "axis": "y", "origin": [7, 6.85, 8.925]},
			"faces": {
				"north": {"uv": [11, 8, 12, 9], "texture": "#1"},
				"east": {"uv": [4, 7, 6, 8], "texture": "#1"},
				"south": {"uv": [9, 11, 10, 12], "texture": "#1"},
				"west": {"uv": [7, 4, 9, 5], "texture": "#1"},
				"up": {"uv": [7, 9, 6, 7], "texture": "#1"},
				"down": {"uv": [8, 7, 7, 9], "texture": "#1"}
			}
		},
		{
			"from": [8.595, 7.625, 8.275],
			"to": [8.795, 8.35, 9.925],
			"rotation": {"angle": 0, "axis": "y", "origin": [8.695, 8.1125, 10.3125]},
			"faces": {
				"north": {"uv": [3, 10, 4, 11], "texture": "#1"},
				"east": {"uv": [6, 5, 8, 6], "texture": "#1"},
				"south": {"uv": [10, 3, 11, 4], "texture": "#1"},
				"west": {"uv": [6, 6, 8, 7], "texture": "#1"},
				"up": {"uv": [2, 9, 1, 7], "texture": "#1"},
				"down": {"uv": [8, 2, 7, 4], "texture": "#1"}
			}
		},
		{
			"from": [8.595, 7.625, 11.425],
			"to": [8.795, 8.4, 11.625],
			"rotation": {"angle": 0, "axis": "y", "origin": [8.695, 8.1125, 10.3125]},
			"faces": {
				"north": {"uv": [8, 12, 9, 13], "texture": "#1"},
				"east": {"uv": [12, 8, 13, 9], "texture": "#1"},
				"south": {"uv": [9, 12, 10, 13], "texture": "#1"},
				"west": {"uv": [12, 9, 13, 10], "texture": "#1"},
				"up": {"uv": [11, 13, 10, 12], "texture": "#1"},
				"down": {"uv": [13, 10, 12, 11], "texture": "#1"}
			}
		},
		{
			"from": [7.205, 7.625, 8.275],
			"to": [7.405, 8.35, 9.925],
			"rotation": {"angle": 0, "axis": "y", "origin": [7, 6.85, 7.425]},
			"faces": {
				"north": {"uv": [11, 12, 12, 13], "texture": "#1"},
				"east": {"uv": [8, 2, 10, 3], "texture": "#1"},
				"south": {"uv": [12, 11, 13, 12], "texture": "#1"},
				"west": {"uv": [3, 8, 5, 9], "texture": "#1"},
				"up": {"uv": [6, 10, 5, 8], "texture": "#1"},
				"down": {"uv": [9, 5, 8, 7], "texture": "#1"}
			}
		},
		{
			"from": [7.205, 7.625, 11.425],
			"to": [7.405, 8.4, 11.625],
			"rotation": {"angle": 0, "axis": "y", "origin": [7, 6.85, 9.125]},
			"faces": {
				"north": {"uv": [2, 12, 3, 13], "texture": "#1"},
				"east": {"uv": [12, 2, 13, 3], "texture": "#1"},
				"south": {"uv": [3, 12, 4, 13], "texture": "#1"},
				"west": {"uv": [12, 3, 13, 4], "texture": "#1"},
				"up": {"uv": [5, 13, 4, 12], "texture": "#1"},
				"down": {"uv": [13, 4, 12, 5], "texture": "#1"}
			}
		},
		{
			"from": [7.405, 7.625, 8.35],
			"to": [8.605, 8.15, 11.625],
			"rotation": {"angle": 0, "axis": "y", "origin": [7.2, 6.85, 9.125]},
			"faces": {
				"north": {"uv": [7, 10, 8, 11], "texture": "#1"},
				"east": {"uv": [0, 0, 3, 1], "texture": "#1"},
				"south": {"uv": [10, 7, 11, 8], "texture": "#1"},
				"west": {"uv": [0, 1, 3, 2], "texture": "#1"},
				"up": {"uv": [1, 5, 0, 2], "texture": "#1"},
				"down": {"uv": [2, 2, 1, 5], "texture": "#1"}
			}
		},
		{
			"from": [7.405, 7.175, 7.85],
			"to": [8.605, 7.775, 8.475],
			"rotation": {"angle": 22.5, "axis": "x", "origin": [8.005, 7.475, 9.4875]},
			"faces": {
				"north": {"uv": [4, 10, 5, 11], "texture": "#1"},
				"east": {"uv": [10, 4, 11, 5], "texture": "#1"},
				"south": {"uv": [5, 10, 6, 11], "texture": "#1"},
				"west": {"uv": [10, 5, 11, 6], "texture": "#1"},
				"up": {"uv": [7, 11, 6, 10], "texture": "#1"},
				"down": {"uv": [11, 6, 10, 7], "texture": "#1"}
			}
		},
		{
			"from": [7.055, 7.825, 8.35],
			"to": [7.605, 8.05, 11.625],
			"rotation": {"angle": -45, "axis": "z", "origin": [7.655, 7.8125, 11.525]},
			"faces": {
				"north": {"uv": [8, 10, 9, 11], "texture": "#1"},
				"east": {"uv": [2, 2, 5, 3], "texture": "#1"},
				"south": {"uv": [10, 8, 11, 9], "texture": "#1"},
				"west": {"uv": [3, 0, 6, 1], "texture": "#1"},
				"up": {"uv": [3, 6, 2, 3], "texture": "#1"},
				"down": {"uv": [4, 3, 3, 6], "texture": "#1"}
			}
		},
		{
			"from": [8.21142, 8.0182, 8.35],
			"to": [8.76142, 8.2432, 11.625],
			"rotation": {"angle": 45, "axis": "z", "origin": [8.48642, 8.1307, 11.525]},
			"faces": {
				"north": {"uv": [9, 10, 10, 11], "texture": "#1"},
				"east": {"uv": [3, 1, 6, 2], "texture": "#1"},
				"south": {"uv": [10, 9, 11, 10], "texture": "#1"},
				"west": {"uv": [4, 3, 7, 4], "texture": "#1"},
				"up": {"uv": [5, 7, 4, 4], "texture": "#1"},
				"down": {"uv": [1, 5, 0, 8], "texture": "#1"}
			}
		},
		{
			"from": [7.205, 8.325, 8.575],
			"to": [7.405, 8.5, 9.55],
			"rotation": {"angle": 0, "axis": "y", "origin": [7, 6.85, 7.05]},
			"faces": {
				"north": {"uv": [11, 2, 12, 3], "texture": "#1"},
				"east": {"uv": [3, 11, 4, 12], "texture": "#1"},
				"south": {"uv": [11, 3, 12, 4], "texture": "#1"},
				"west": {"uv": [4, 11, 5, 12], "texture": "#1"},
				"up": {"uv": [12, 5, 11, 4], "texture": "#1"},
				"down": {"uv": [6, 11, 5, 12], "texture": "#1"}
			}
		},
		{
			"from": [7.205, 8.275, 8.275],
			"to": [7.405, 8.5, 8.6],
			"rotation": {"angle": -22.5, "axis": "x", "origin": [7.305, 8.4375, 8.5875]},
			"faces": {
				"north": {"uv": [10, 10, 11, 11], "texture": "#1"},
				"east": {"uv": [0, 11, 1, 12], "texture": "#1"},
				"south": {"uv": [11, 0, 12, 1], "texture": "#1"},
				"west": {"uv": [1, 11, 2, 12], "texture": "#1"},
				"up": {"uv": [12, 2, 11, 1], "texture": "#1"},
				"down": {"uv": [3, 11, 2, 12], "texture": "#1"}
			}
		},
		{
			"from": [8.595, 8.275, 8.575],
			"to": [8.795, 8.5, 9.55],
			"rotation": {"angle": 0, "axis": "y", "origin": [8.695, 8.4088, 8.75571]},
			"faces": {
				"north": {"uv": [9, 6, 10, 7], "texture": "#1"},
				"east": {"uv": [7, 9, 8, 10], "texture": "#1"},
				"south": {"uv": [9, 7, 10, 8], "texture": "#1"},
				"west": {"uv": [8, 9, 9, 10], "texture": "#1"},
				"up": {"uv": [10, 9, 9, 8], "texture": "#1"},
				"down": {"uv": [10, 9, 9, 10], "texture": "#1"}
			}
		},
		{
			"from": [8.595, 8.33719, 8.29879],
			"to": [8.795, 8.56219, 8.62379],
			"rotation": {"angle": -22.5, "axis": "x", "origin": [8.695, 8.4088, 8.75571]},
			"faces": {
				"north": {"uv": [0, 10, 1, 11], "texture": "#1"},
				"east": {"uv": [10, 0, 11, 1], "texture": "#1"},
				"south": {"uv": [1, 10, 2, 11], "texture": "#1"},
				"west": {"uv": [10, 1, 11, 2], "texture": "#1"},
				"up": {"uv": [3, 11, 2, 10], "texture": "#1"},
				"down": {"uv": [11, 2, 10, 3], "texture": "#1"}
			}
		},
		{
			"from": [7.205, 8.77, 9.8],
			"to": [7.405, 9.12, 11.425],
			"rotation": {"angle": -45, "axis": "z", "origin": [7.305, 8.8125, 10.6125]},
			"faces": {
				"north": {"uv": [11, 9, 12, 10], "texture": "#1"},
				"east": {"uv": [8, 0, 10, 1], "texture": "#1"},
				"south": {"uv": [10, 11, 11, 12], "texture": "#1"},
				"west": {"uv": [8, 1, 10, 2], "texture": "#1"},
				"up": {"uv": [1, 10, 0, 8], "texture": "#1"},
				"down": {"uv": [3, 8, 2, 10], "texture": "#1"}
			}
		},
		{
			"from": [8.595, 7.96994, 10.80713],
			"to": [8.795, 8.46994, 11.43213],
			"rotation": {"angle": -22.5, "axis": "x", "origin": [8.64815, 8.64358, 10.49975]},
			"faces": {
				"north": {"uv": [5, 12, 6, 13], "texture": "#1"},
				"east": {"uv": [12, 5, 13, 6], "texture": "#1"},
				"south": {"uv": [6, 12, 7, 13], "texture": "#1"},
				"west": {"uv": [12, 6, 13, 7], "texture": "#1"},
				"up": {"uv": [8, 13, 7, 12], "texture": "#1"},
				"down": {"uv": [13, 7, 12, 8], "texture": "#1"}
			}
		},
		{
			"from": [8.595, 8.66498, 9.44447],
			"to": [8.795, 9.28998, 10.14447],
			"rotation": {"angle": -45, "axis": "x", "origin": [8.64815, 8.64358, 10.49975]},
			"faces": {
				"north": {"uv": [8, 8, 9, 9], "texture": "#1"},
				"east": {"uv": [1, 9, 2, 10], "texture": "#1"},
				"south": {"uv": [3, 9, 4, 10], "texture": "#1"},
				"west": {"uv": [9, 3, 10, 4], "texture": "#1"},
				"up": {"uv": [5, 10, 4, 9], "texture": "#1"},
				"down": {"uv": [10, 4, 9, 5], "texture": "#1"}
			}
		},
		{
			"from": [8.595, 7.625, 9.8],
			"to": [8.795, 8.85, 11.425],
			"rotation": {"angle": 0, "axis": "y", "origin": [8.64815, 8.64358, 10.49975]},
			"faces": {
				"north": {"uv": [8, 3, 9, 4], "texture": "#1"},
				"east": {"uv": [5, 2, 7, 3], "texture": "#1"},
				"south": {"uv": [8, 7, 9, 8], "texture": "#1"},
				"west": {"uv": [5, 4, 7, 5], "texture": "#1"},
				"up": {"uv": [2, 7, 1, 5], "texture": "#1"},
				"down": {"uv": [6, 5, 5, 7], "texture": "#1"}
			}
		},
		{
			"from": [8.70072, 8.6874, 9.8],
			"to": [8.90072, 9.0374, 11.425],
			"rotation": {"angle": 45, "axis": "z", "origin": [8.64815, 8.64358, 10.49975]},
			"faces": {
				"north": {"uv": [9, 5, 10, 6], "texture": "#1"},
				"east": {"uv": [6, 0, 8, 1], "texture": "#1"},
				"south": {"uv": [6, 9, 7, 10], "texture": "#1"},
				"west": {"uv": [6, 1, 8, 2], "texture": "#1"},
				"up": {"uv": [3, 8, 2, 6], "texture": "#1"},
				"down": {"uv": [4, 6, 3, 8], "texture": "#1"}
			}
		},
		{
			"from": [7.205, 8.2375, 10.9125],
			"to": [7.405, 8.7375, 11.5375],
			"rotation": {"angle": -22.5, "axis": "x", "origin": [7.305, 8.5125, 11.225]},
			"faces": {
				"north": {"uv": [11, 10, 12, 11], "texture": "#1"},
				"east": {"uv": [11, 11, 12, 12], "texture": "#1"},
				"south": {"uv": [0, 12, 1, 13], "texture": "#1"},
				"west": {"uv": [12, 0, 13, 1], "texture": "#1"},
				"up": {"uv": [2, 13, 1, 12], "texture": "#1"},
				"down": {"uv": [13, 1, 12, 2], "texture": "#1"}
			}
		},
		{
			"from": [7.205, 7.75911, 9.54308],
			"to": [7.405, 8.38411, 10.24308],
			"rotation": {"angle": -45, "axis": "x", "origin": [7.305, 8.07161, 9.45558]},
			"faces": {
				"north": {"uv": [11, 5, 12, 6], "texture": "#1"},
				"east": {"uv": [6, 11, 7, 12], "texture": "#1"},
				"south": {"uv": [11, 6, 12, 7], "texture": "#1"},
				"west": {"uv": [7, 11, 8, 12], "texture": "#1"},
				"up": {"uv": [12, 8, 11, 7], "texture": "#1"},
				"down": {"uv": [9, 11, 8, 12], "texture": "#1"}
			}
		},
		{
			"from": [7.52, 8.23125, 9.51359],
			"to": [8.0375, 8.74875, 11.49734],
			"rotation": {"angle": -45, "axis": "z", "origin": [7.77875, 8.49, 9.48125]},
			"faces": {
				"north": {"uv": [0, 4, 0.5, 4.5], "texture": "#1_1"},
				"east": {"uv": [0, 0, 1.75, 0.5], "texture": "#1_1"},
				"south": {"uv": [4, 0, 4.5, 0.5], "texture": "#1_1"},
				"west": {"uv": [0, 2, 1.75, 2.5], "texture": "#1_1"},
				"up": {"uv": [2.5, 1.75, 2, 0], "texture": "#1_1"},
				"down": {"uv": [2.5, 2, 2, 3.75], "texture": "#1_1"}
			}
		},
		{
			"from": [8.16688, 8.13063, 8.39234],
			"to": [8.42563, 8.38937, 8.52172],
			"rotation": {"angle": -45, "axis": "z", "origin": [8.29625, 8.26, 9.48125]},
			"faces": {
				"north": {"uv": [2, 8, 2.25, 8.25], "texture": "#1_1"},
				"east": {"uv": [4, 8, 4.125, 8.25], "texture": "#1_1"},
				"south": {"uv": [8, 2, 8.25, 2.25], "texture": "#1_1"},
				"west": {"uv": [8, 4, 8.125, 4.25], "texture": "#1_1"},
				"up": {"uv": [6.25, 8.125, 6, 8], "texture": "#1_1"},
				"down": {"uv": [8.25, 6, 8, 6.125], "texture": "#1_1"}
			}
		},
		{
			"from": [8.12375, 8.0875, 8.52172],
			"to": [8.46875, 8.4325, 9.34109],
			"rotation": {"angle": -45, "axis": "z", "origin": [8.29625, 8.26, 9.48125]},
			"faces": {
				"north": {"uv": [0, 8, 0.25, 8.25], "texture": "#1_1"},
				"east": {"uv": [2, 4, 2.75, 4.25], "texture": "#1_1"},
				"south": {"uv": [8, 0, 8.25, 0.25], "texture": "#1_1"},
				"west": {"uv": [4, 2, 4.75, 2.25], "texture": "#1_1"},
				"up": {"uv": [4.25, 4.75, 4, 4], "texture": "#1_1"},
				"down": {"uv": [0.25, 6, 0, 6.75], "texture": "#1_1"}
			}
		},
		{
			"from": [8.08063, 8.04437, 9.29797],
			"to": [8.51188, 8.47562, 9.51359],
			"rotation": {"angle": -45, "axis": "z", "origin": [8.29625, 8.26, 9.48125]},
			"faces": {
				"north": {"uv": [6, 0, 6.375, 0.375], "texture": "#1_1"},
				"east": {"uv": [6, 2, 6.25, 2.375], "texture": "#1_1"},
				"south": {"uv": [2, 6, 2.375, 6.375], "texture": "#1_1"},
				"west": {"uv": [4, 6, 4.25, 6.375], "texture": "#1_1"},
				"up": {"uv": [6.375, 4.25, 6, 4], "texture": "#1_1"},
				"down": {"uv": [6.375, 6, 6, 6.25], "texture": "#1_1"}
			}
		},
		{
			"from": [8.0375, 8.00125, 9.51359],
			"to": [8.555, 8.51875, 11.49734],
			"rotation": {"angle": -45, "axis": "z", "origin": [8.29625, 8.26, 9.48125]},
			"faces": {
				"north": {"uv": [0, 4, 0.5, 4.5], "texture": "#1_1"},
				"east": {"uv": [0, 0, 1.75, 0.5], "texture": "#1_1"},
				"south": {"uv": [4, 0, 4.5, 0.5], "texture": "#1_1"},
				"west": {"uv": [0, 2, 1.75, 2.5], "texture": "#1_1"},
				"up": {"uv": [2.5, 1.75, 2, 0], "texture": "#1_1"},
				"down": {"uv": [2.5, 2, 2, 3.75], "texture": "#1_1"}
			}
		},
		{
			"from": [7.56313, 8.27437, 9.29797],
			"to": [7.99438, 8.70563, 9.51359],
			"rotation": {"angle": -45, "axis": "z", "origin": [7.77875, 8.49, 9.48125]},
			"faces": {
				"north": {"uv": [6, 0, 6.375, 0.375], "texture": "#1_1"},
				"east": {"uv": [6, 2, 6.25, 2.375], "texture": "#1_1"},
				"south": {"uv": [2, 6, 2.375, 6.375], "texture": "#1_1"},
				"west": {"uv": [4, 6, 4.25, 6.375], "texture": "#1_1"},
				"up": {"uv": [6.375, 4.25, 6, 4], "texture": "#1_1"},
				"down": {"uv": [6.375, 6, 6, 6.25], "texture": "#1_1"}
			}
		},
		{
			"from": [7.60625, 8.3175, 8.52172],
			"to": [7.95125, 8.6625, 9.34109],
			"rotation": {"angle": -45, "axis": "z", "origin": [7.77875, 8.49, 9.48125]},
			"faces": {
				"north": {"uv": [0, 8, 0.25, 8.25], "texture": "#1_1"},
				"east": {"uv": [2, 4, 2.75, 4.25], "texture": "#1_1"},
				"south": {"uv": [8, 0, 8.25, 0.25], "texture": "#1_1"},
				"west": {"uv": [4, 2, 4.75, 2.25], "texture": "#1_1"},
				"up": {"uv": [4.25, 4.75, 4, 4], "texture": "#1_1"},
				"down": {"uv": [0.25, 6, 0, 6.75], "texture": "#1_1"}
			}
		},
		{
			"from": [7.64938, 8.36062, 8.39234],
			"to": [7.90813, 8.61937, 8.52172],
			"rotation": {"angle": -45, "axis": "z", "origin": [7.77875, 8.49, 9.48125]},
			"faces": {
				"north": {"uv": [2, 8, 2.25, 8.25], "texture": "#1_1"},
				"east": {"uv": [4, 8, 4.125, 8.25], "texture": "#1_1"},
				"south": {"uv": [8, 2, 8.25, 2.25], "texture": "#1_1"},
				"west": {"uv": [8, 4, 8.125, 4.25], "texture": "#1_1"},
				"up": {"uv": [6.25, 8.125, 6, 8], "texture": "#1_1"},
				"down": {"uv": [8.25, 6, 8, 6.125], "texture": "#1_1"}
			}
		}
	],
	"display": {
		"thirdperson_righthand": {
			"translation": [-0.25, 1.5, -0.25],
			"scale": [0.47, 0.47, 0.47]
		},
		"thirdperson_lefthand": {
			"scale": [0, 0, 0]
		},
		"firstperson_righthand": {
			"rotation": [-27, -4, 0],
			"translation": [3.25, 0, -7.5],
			"scale": [1.54, 1.54, 1.54]
		},
		"firstperson_lefthand": {
			"scale": [0, 0, 0]
		},
		"ground": {
			"translation": [0, 5.5, 1],
			"scale": [0.49, 0.49, 0.49]
		},
		"gui": {
			"rotation": [-106, 90, 106],
			"translation": [0.25, 5.5, 0],
			"scale": [1.11, 1.11, 1.11]
		},
		"head": {
			"scale": [0, 0, 0]
		},
		"fixed": {
			"rotation": [-89, 90, 90],
			"translation": [-0.25, 6, -2],
			"scale": [1.16, 1.16, 1.16]
		}
	},
	"groups": [
		{
			"name": "group",
			"origin": [8.005, -8.42363, 16.03109],
			"color": 0,
			"children": [
				0,
				1,
				2,
				3,
				4,
				5,
				6,
				7,
				8,
				9,
				10,
				11,
				12,
				13,
				14,
				15,
				16,
				17,
				18,
				19,
				20,
				21,
				22,
				23,
				24,
				25,
				26,
				27,
				28,
				29,
				30,
				31,
				32,
				33,
				34,
				35,
				36,
				37,
				38,
				39,
				40,
				41,
				42,
				43,
				44,
				45,
				46,
				47
			]
		},
		{
			"name": "group",
			"origin": [8, 8, 8],
			"color": 0,
			"children": []
		},
		{
			"name": "bullet",
			"origin": [8, 8, 8],
			"color": 0,
			"children": [
				{
					"name": "group",
					"origin": [0.4, -0.13039, -6.475],
					"color": 0,
					"children": [
						{
							"name": "group",
							"origin": [8, 3.97495, 2.45],
							"color": 0,
							"children": []
						}
					]
				},
				{
					"name": "group",
					"origin": [8.69412, 0.67872, -7.175],
					"color": 0,
					"children": []
				},
				{
					"name": "group",
					"origin": [8.9375, 1.45251, 6.05459],
					"color": 0,
					"children": [
						{
							"name": "group",
							"origin": [8.9375, 1.45251, 6.05459],
							"color": 0,
							"children": []
						}
					]
				},
				{
					"name": "octagon",
					"origin": [8, 8, 8],
					"color": 0,
					"children": [
						{
							"name": "octagon",
							"origin": [8, 8, 8],
							"color": 0,
							"children": []
						},
						{
							"name": "octagon",
							"origin": [8, 8, 8],
							"color": 0,
							"children": []
						}
					]
				},
				{
					"name": "octagon",
					"origin": [8, 8, 8],
					"color": 0,
					"children": [
						{
							"name": "octagon",
							"origin": [8, 8, 8],
							"color": 0,
							"children": []
						},
						{
							"name": "octagon",
							"origin": [8, 8, 8],
							"color": 0,
							"children": []
						}
					]
				},
				{
					"name": "octagon",
					"origin": [8, 8, 8],
					"color": 0,
					"children": [
						{
							"name": "group",
							"origin": [8, 5.55, 2.1],
							"color": 0,
							"children": []
						},
						{
							"name": "octagon",
							"origin": [8, 8, 8],
							"color": 0,
							"children": []
						}
					]
				},
				{
					"name": "group",
					"origin": [8, 6.7375, 1.00625],
					"color": 0,
					"children": [
						{
							"name": "group",
							"origin": [8, 6.7625, 1.6909],
							"color": 0,
							"children": []
						},
						{
							"name": "group",
							"origin": [8, 6.7375, 1.00625],
							"color": 0,
							"children": []
						}
					]
				},
				{
					"name": "group",
					"origin": [8, 8, 8],
					"color": 0,
					"children": [
						{
							"name": "group",
							"origin": [8, 4.6125, -1.2242],
							"color": 0,
							"children": []
						},
						{
							"name": "group",
							"origin": [8, 4.6125, -1.5712],
							"color": 0,
							"children": []
						}
					]
				},
				{
					"name": "group",
					"origin": [8, 4.6125, -1.5712],
					"color": 0,
					"children": []
				},
				{
					"name": "group",
					"origin": [8, 8, 8],
					"color": 0,
					"children": []
				},
				{
					"name": "group",
					"origin": [8, 4.6125, -1.5712],
					"color": 0,
					"children": []
				},
				{
					"name": "octagon",
					"origin": [8, 8, 8],
					"color": 0,
					"children": []
				},
				{
					"name": "eotech_hws_xps2",
					"origin": [8, 8, 8],
					"color": 0,
					"children": [
						{
							"name": "group",
							"origin": [8.40818, 6.59333, 11.42796],
							"color": 0,
							"children": []
						},
						{
							"name": "hexadecagon",
							"origin": [8, 8, 8],
							"color": 0,
							"children": []
						},
						{
							"name": "octagon",
							"origin": [8, 8, 8],
							"color": 0,
							"children": []
						},
						{
							"name": "octagon",
							"origin": [8, 8, 8],
							"color": 0,
							"children": []
						},
						{
							"name": "octagon",
							"origin": [8, 8, 8],
							"color": 0,
							"children": []
						}
					]
				},
				48,
				49,
				50,
				51,
				52,
				53,
				54,
				55
			]
		}
	]
}