{
	"credit": "Made with Blockbench",
	"texture_size": [32, 32],
	"textures": {
		"1": "item/assault_rifle_textures/mk16scar/556x45bullet",
		"2": "item/assault_rifle_textures/mk16scar/556x45mm"
	},
	"elements": [
		{
			"name": "hexadecagon",
			"from": [7.32895, 3.31429, 5.78034],
			"to": [8.67078, 8.3298, 9.04922],
			"rotation": {"angle": 22.5, "axis": "x", "origin": [7.99986, 8.65954, 7.13978]},
			"faces": {
				"north": {"uv": [0, 4, 0.625, 6.5], "texture": "#2"},
				"east": {"uv": [0, 0, 1.625, 2.5], "texture": "#2"},
				"south": {"uv": [4, 0, 4.625, 2.5], "texture": "#2"},
				"west": {"uv": [2, 0, 3.625, 2.5], "texture": "#2"},
				"up": {"uv": [4.625, 5.625, 4, 4], "texture": "#2"},
				"down": {"uv": [5.625, 0, 5, 1.625], "texture": "#2"}
			}
		},
		{
			"name": "hexadecagon",
			"from": [7.30395, 10.58929, 5.50534],
			"to": [7.49578, 11.4048, 8.77422],
			"rotation": {"angle": 0, "axis": "y", "origin": [8.0381, 12.32541, 4.97626]},
			"faces": {
				"north": {"uv": [8, 3.5, 8.125, 3.875], "texture": "#2"},
				"east": {"uv": [5.5, 2, 7.125, 2.375], "texture": "#2"},
				"south": {"uv": [4, 8, 4.125, 8.375], "texture": "#2"},
				"west": {"uv": [5.5, 2.5, 7.125, 2.875], "texture": "#2"},
				"up": {"uv": [3.125, 7.125, 3, 5.5], "texture": "#2"},
				"down": {"uv": [3.625, 5.5, 3.5, 7.125], "texture": "#2"}
			}
		},
		{
			"name": "hexadecagon",
			"from": [8.50422, 10.58929, 5.50534],
			"to": [8.69605, 11.4048, 8.77422],
			"rotation": {"angle": 0, "axis": "y", "origin": [8.60014, 10.99705, 7.13978]},
			"faces": {
				"north": {"uv": [8, 4, 8.125, 4.375], "texture": "#2"},
				"east": {"uv": [7.125, 2.5, 5.5, 2.875], "texture": "#2"},
				"south": {"uv": [4.5, 8, 4.625, 8.375], "texture": "#2"},
				"west": {"uv": [5.5, 3.5, 7.125, 3.875], "texture": "#2"},
				"up": {"uv": [5.625, 6.625, 5.5, 5], "texture": "#2"},
				"down": {"uv": [6.125, 0, 6, 1.625], "texture": "#2"}
			}
		},
		{
			"name": "hexadecagon",
			"from": [8.45422, 10.73929, 5.50534],
			"to": [8.82105, 10.9298, 8.77422],
			"rotation": {"angle": 45, "axis": "z", "origin": [8.30014, 10.72205, 7.13978]},
			"faces": {
				"north": {"uv": [1, 9, 1.125, 9.125], "texture": "#2"},
				"east": {"uv": [1, 6, 2.625, 6.125], "texture": "#2"},
				"south": {"uv": [9, 1, 9.125, 1.125], "texture": "#2"},
				"west": {"uv": [6, 5, 7.625, 5.125], "texture": "#2"},
				"up": {"uv": [4.125, 7.625, 4, 6], "texture": "#2"},
				"down": {"uv": [4.625, 6, 4.5, 7.625], "texture": "#2"}
			}
		},
		{
			"name": "hexadecagon",
			"from": [7.47895, 10.58929, 5.50534],
			"to": [8.52078, 11.0048, 8.77422],
			"rotation": {"angle": 0, "axis": "y", "origin": [7.77032, 10.91864, 7.13978]},
			"faces": {
				"north": {"uv": [7, 0, 7.5, 0.25], "texture": "#2"},
				"east": {"uv": [5.5, 4, 7.125, 4.25], "texture": "#2"},
				"south": {"uv": [1, 7, 1.5, 7.25], "texture": "#2"},
				"west": {"uv": [5.5, 4.5, 7.125, 4.75], "texture": "#2"},
				"up": {"uv": [5.5, 3.625, 5, 2], "texture": "#2"},
				"down": {"uv": [5.5, 4, 5, 5.625], "texture": "#2"}
			}
		},
		{
			"name": "hexadecagon",
			"from": [7.47895, 10.96429, 5.50534],
			"to": [8.52078, 11.2298, 5.67422],
			"rotation": {"angle": 0, "axis": "y", "origin": [7.77032, 11.24364, 6.83978]},
			"faces": {
				"north": {"uv": [1.5, 8, 2, 8.125], "texture": "#2"},
				"east": {"uv": [2, 9, 2.125, 9.125], "texture": "#2"},
				"south": {"uv": [8, 2, 8.5, 2.125], "texture": "#2"},
				"west": {"uv": [9, 2, 9.125, 2.125], "texture": "#2"},
				"up": {"uv": [3, 8.125, 2.5, 8], "texture": "#2"},
				"down": {"uv": [8.5, 2.5, 8, 2.625], "texture": "#2"}
			}
		},
		{
			"name": "hexadecagon",
			"from": [7.47895, 10.88929, 5.60534],
			"to": [8.52078, 11.1548, 6.27422],
			"rotation": {"angle": 22.5, "axis": "x", "origin": [7.99987, 11.02205, 5.83978]},
			"faces": {
				"north": {"uv": [3, 8, 3.5, 8.125], "texture": "#2"},
				"east": {"uv": [5, 8, 5.375, 8.125], "texture": "#2"},
				"south": {"uv": [3.5, 8, 4, 8.125], "texture": "#2"},
				"west": {"uv": [8, 5, 8.375, 5.125], "texture": "#2"},
				"up": {"uv": [7, 0.375, 6.5, 0], "texture": "#2"},
				"down": {"uv": [1, 6.5, 0.5, 6.875], "texture": "#2"}
			}
		},
		{
			"name": "hexadecagon",
			"from": [7.3386, 10.74706, 5.50534],
			"to": [7.70543, 10.93757, 8.77422],
			"rotation": {"angle": -45, "axis": "z", "origin": [7.77032, 10.91864, 7.13978]},
			"faces": {
				"north": {"uv": [1.5, 9, 1.625, 9.125], "texture": "#2"},
				"east": {"uv": [6, 5.5, 7.625, 5.625], "texture": "#2"},
				"south": {"uv": [9, 1.5, 9.125, 1.625], "texture": "#2"},
				"west": {"uv": [6, 6, 7.625, 6.125], "texture": "#2"},
				"up": {"uv": [5.125, 7.625, 5, 6], "texture": "#2"},
				"down": {"uv": [0.125, 6.5, 0, 8.125], "texture": "#2"}
			}
		},
		{
			"name": "hexadecagon",
			"from": [7.30395, 7.58929, 5.50534],
			"to": [8.69578, 10.6048, 8.77422],
			"rotation": {"angle": 0, "axis": "y", "origin": [8.0381, 12.32541, 4.97626]},
			"faces": {
				"north": {"uv": [4, 2.5, 4.75, 4], "texture": "#2"},
				"east": {"uv": [3.625, 2.5, 2, 4], "texture": "#2"},
				"south": {"uv": [3, 4, 3.75, 5.5], "texture": "#2"},
				"west": {"uv": [2, 2.5, 3.625, 4], "texture": "#2"},
				"up": {"uv": [1.75, 5.625, 1, 4], "texture": "#2"},
				"down": {"uv": [2.75, 4, 2, 5.625], "texture": "#2"}
			}
		},
		{
			"name": "hexadecagon",
			"from": [8.50395, 11.38929, 6.18034],
			"to": [8.69578, 11.6048, 8.77422],
			"rotation": {"angle": 0, "axis": "y", "origin": [8.0381, 16.12541, 4.97626]},
			"faces": {
				"north": {"uv": [8.5, 1.5, 8.625, 1.625], "texture": "#2"},
				"east": {"uv": [6.5, 0.5, 7.75, 0.625], "texture": "#2"},
				"south": {"uv": [2, 8.5, 2.125, 8.625], "texture": "#2"},
				"west": {"uv": [1, 6.5, 2.25, 6.625], "texture": "#2"},
				"up": {"uv": [2.625, 7.75, 2.5, 6.5], "texture": "#2"},
				"down": {"uv": [6.125, 6.5, 6, 7.75], "texture": "#2"}
			}
		},
		{
			"name": "hexadecagon",
			"from": [8.50395, 11.58929, 7.10534],
			"to": [8.69578, 11.8798, 8.65334],
			"rotation": {"angle": 0, "axis": "y", "origin": [8.0381, 16.12541, 4.97626]},
			"faces": {
				"north": {"uv": [8.5, 3.5, 8.625, 3.625], "texture": "#2"},
				"east": {"uv": [1.5, 7, 2.25, 7.125], "texture": "#2"},
				"south": {"uv": [4, 8.5, 4.125, 8.625], "texture": "#2"},
				"west": {"uv": [7, 6.5, 7.75, 6.625], "texture": "#2"},
				"up": {"uv": [5.625, 7.75, 5.5, 7], "texture": "#2"},
				"down": {"uv": [7.125, 7, 7, 7.75], "texture": "#2"}
			}
		},
		{
			"name": "hexadecagon",
			"from": [7.30422, 12.06003, 6.98098],
			"to": [7.49605, 12.32554, 7.37898],
			"rotation": {"angle": -45, "axis": "x", "origin": [7.43763, 11.76737, 7.80648]},
			"faces": {
				"north": {"uv": [0.5, 9, 0.625, 9.125], "texture": "#2"},
				"east": {"uv": [8.5, 0, 8.75, 0.125], "texture": "#2"},
				"south": {"uv": [9, 0.5, 9.125, 0.625], "texture": "#2"},
				"west": {"uv": [0.5, 8.5, 0.75, 8.625], "texture": "#2"},
				"up": {"uv": [8.625, 1.25, 8.5, 1], "texture": "#2"},
				"down": {"uv": [1.625, 8.5, 1.5, 8.75], "texture": "#2"}
			}
		},
		{
			"name": "hexadecagon",
			"from": [7.2677, 11.74916, 7.10534],
			"to": [7.45953, 12.03967, 8.65334],
			"rotation": {"angle": -45, "axis": "z", "origin": [7.43763, 11.76737, 7.80648]},
			"faces": {
				"north": {"uv": [0, 9, 0.125, 9.125], "texture": "#2"},
				"east": {"uv": [7.5, 4.5, 8.25, 4.625], "texture": "#2"},
				"south": {"uv": [9, 0, 9.125, 0.125], "texture": "#2"},
				"west": {"uv": [8, 0.5, 8.75, 0.625], "texture": "#2"},
				"up": {"uv": [1.125, 8.75, 1, 8], "texture": "#2"},
				"down": {"uv": [8.125, 1, 8, 1.75], "texture": "#2"}
			}
		},
		{
			"name": "hexadecagon",
			"from": [7.30422, 11.24642, 8.28403],
			"to": [7.49605, 11.53693, 8.62791],
			"rotation": {"angle": -22.5, "axis": "x", "origin": [7.43763, 11.76737, 7.80648]},
			"faces": {
				"north": {"uv": [8.5, 7, 8.625, 7.125], "texture": "#2"},
				"east": {"uv": [7.5, 8.5, 7.625, 8.625], "texture": "#2"},
				"south": {"uv": [8.5, 7.5, 8.625, 7.625], "texture": "#2"},
				"west": {"uv": [8, 8.5, 8.125, 8.625], "texture": "#2"},
				"up": {"uv": [8.625, 8.125, 8.5, 8], "texture": "#2"},
				"down": {"uv": [8.625, 8.5, 8.5, 8.625], "texture": "#2"}
			}
		},
		{
			"name": "hexadecagon",
			"from": [7.30422, 11.58929, 7.10534],
			"to": [7.49605, 11.8798, 8.65334],
			"rotation": {"angle": 0, "axis": "y", "origin": [7.43763, 11.76737, 7.80648]},
			"faces": {
				"north": {"uv": [8.5, 6.5, 8.625, 6.625], "texture": "#2"},
				"east": {"uv": [3, 7.5, 3.75, 7.625], "texture": "#2"},
				"south": {"uv": [7, 8.5, 7.125, 8.625], "texture": "#2"},
				"west": {"uv": [7.5, 3, 8.25, 3.125], "texture": "#2"},
				"up": {"uv": [7.625, 4.25, 7.5, 3.5], "texture": "#2"},
				"down": {"uv": [7.625, 7, 7.5, 7.75], "texture": "#2"}
			}
		},
		{
			"name": "hexadecagon",
			"from": [8.42895, 11.76429, 7.10534],
			"to": [8.62078, 12.0548, 8.65334],
			"rotation": {"angle": 45, "axis": "z", "origin": [8.52487, 11.90955, 7.87934]},
			"faces": {
				"north": {"uv": [8.5, 6, 8.625, 6.125], "texture": "#2"},
				"east": {"uv": [7.5, 0, 8.25, 0.125], "texture": "#2"},
				"south": {"uv": [6.5, 8.5, 6.625, 8.625], "texture": "#2"},
				"west": {"uv": [1, 7.5, 1.75, 7.625], "texture": "#2"},
				"up": {"uv": [2.125, 8.25, 2, 7.5], "texture": "#2"},
				"down": {"uv": [7.625, 2, 7.5, 2.75], "texture": "#2"}
			}
		},
		{
			"name": "hexadecagon",
			"from": [8.50395, 11.78929, 6.73034],
			"to": [8.69578, 12.0548, 7.12834],
			"rotation": {"angle": -45, "axis": "x", "origin": [8.59987, 11.93455, 7.35434]},
			"faces": {
				"north": {"uv": [8.5, 5.5, 8.625, 5.625], "texture": "#2"},
				"east": {"uv": [7.5, 8, 7.75, 8.125], "texture": "#2"},
				"south": {"uv": [6, 8.5, 6.125, 8.625], "texture": "#2"},
				"west": {"uv": [8, 7.5, 8.25, 7.625], "texture": "#2"},
				"up": {"uv": [8.125, 8.25, 8, 8], "texture": "#2"},
				"down": {"uv": [0.125, 8.5, 0, 8.75], "texture": "#2"}
			}
		},
		{
			"name": "hexadecagon",
			"from": [8.50395, 11.46429, 8.35534],
			"to": [8.69578, 11.7548, 8.69922],
			"rotation": {"angle": -22.5, "axis": "x", "origin": [8.59987, 11.69705, 8.38978]},
			"faces": {
				"north": {"uv": [8.5, 4, 8.625, 4.125], "texture": "#2"},
				"east": {"uv": [4.5, 8.5, 4.625, 8.625], "texture": "#2"},
				"south": {"uv": [8.5, 4.5, 8.625, 4.625], "texture": "#2"},
				"west": {"uv": [5, 8.5, 5.125, 8.625], "texture": "#2"},
				"up": {"uv": [8.625, 5.125, 8.5, 5], "texture": "#2"},
				"down": {"uv": [5.625, 8.5, 5.5, 8.625], "texture": "#2"}
			}
		},
		{
			"name": "hexadecagon",
			"from": [8.50395, 11.76429, 5.63034],
			"to": [8.69578, 11.9798, 6.14922],
			"rotation": {"angle": -22.5, "axis": "x", "origin": [8.59987, 11.87205, 7.11478]},
			"faces": {
				"north": {"uv": [8.5, 2, 8.625, 2.125], "texture": "#2"},
				"east": {"uv": [5.5, 8, 5.75, 8.125], "texture": "#2"},
				"south": {"uv": [2.5, 8.5, 2.625, 8.625], "texture": "#2"},
				"west": {"uv": [8, 5.5, 8.25, 5.625], "texture": "#2"},
				"up": {"uv": [6.125, 8.25, 6, 8], "texture": "#2"},
				"down": {"uv": [8.125, 6, 8, 6.25], "texture": "#2"}
			}
		},
		{
			"name": "hexadecagon",
			"from": [7.30422, 11.38929, 6.18034],
			"to": [7.49605, 11.6048, 8.77422],
			"rotation": {"angle": 0, "axis": "y", "origin": [7.40013, 11.45015, 6.73015]},
			"faces": {
				"north": {"uv": [8.5, 3, 8.625, 3.125], "texture": "#2"},
				"east": {"uv": [6.5, 1, 7.75, 1.125], "texture": "#2"},
				"south": {"uv": [3.5, 8.5, 3.625, 8.625], "texture": "#2"},
				"west": {"uv": [6.5, 1.5, 7.75, 1.625], "texture": "#2"},
				"up": {"uv": [6.625, 7.75, 6.5, 6.5], "texture": "#2"},
				"down": {"uv": [0.625, 7, 0.5, 8.25], "texture": "#2"}
			}
		},
		{
			"name": "hexadecagon",
			"from": [7.30422, 11.58499, 5.76251],
			"to": [7.49605, 11.8005, 6.28139],
			"rotation": {"angle": -22.5, "axis": "x", "origin": [7.40013, 11.45015, 6.73015]},
			"faces": {
				"north": {"uv": [8.5, 2.5, 8.625, 2.625], "texture": "#2"},
				"east": {"uv": [6.5, 8, 6.75, 8.125], "texture": "#2"},
				"south": {"uv": [3, 8.5, 3.125, 8.625], "texture": "#2"},
				"west": {"uv": [8, 6.5, 8.25, 6.625], "texture": "#2"},
				"up": {"uv": [7.125, 8.25, 7, 8], "texture": "#2"},
				"down": {"uv": [8.125, 7, 8, 7.25], "texture": "#2"}
			}
		},
		{
			"from": [8.0125, 10.9575, 6.85656],
			"to": [8.4175, 11.3625, 8.40906],
			"rotation": {"angle": -45, "axis": "z", "origin": [8.215, 11.16, 6.83125]},
			"faces": {
				"north": {"uv": [0, 4, 0.5, 4.5], "texture": "#1"},
				"east": {"uv": [0, 0, 1.75, 0.5], "texture": "#1"},
				"south": {"uv": [4, 0, 4.5, 0.5], "texture": "#1"},
				"west": {"uv": [0, 2, 1.75, 2.5], "texture": "#1"},
				"up": {"uv": [2.5, 1.75, 2, 0], "texture": "#1"},
				"down": {"uv": [2.5, 2, 2, 3.75], "texture": "#1"}
			}
		},
		{
			"from": [8.04625, 10.99125, 6.68781],
			"to": [8.38375, 11.32875, 6.85656],
			"rotation": {"angle": -45, "axis": "z", "origin": [8.215, 11.16, 6.83125]},
			"faces": {
				"north": {"uv": [6, 0, 6.375, 0.375], "texture": "#1"},
				"east": {"uv": [6, 2, 6.25, 2.375], "texture": "#1"},
				"south": {"uv": [2, 6, 2.375, 6.375], "texture": "#1"},
				"west": {"uv": [4, 6, 4.25, 6.375], "texture": "#1"},
				"up": {"uv": [6.375, 4.25, 6, 4], "texture": "#1"},
				"down": {"uv": [6.375, 6, 6, 6.25], "texture": "#1"}
			}
		},
		{
			"from": [8.08, 11.025, 6.08031],
			"to": [8.35, 11.295, 6.72156],
			"rotation": {"angle": -45, "axis": "z", "origin": [8.215, 11.16, 6.83125]},
			"faces": {
				"north": {"uv": [0, 8, 0.25, 8.25], "texture": "#1"},
				"east": {"uv": [2, 4, 2.75, 4.25], "texture": "#1"},
				"south": {"uv": [8, 0, 8.25, 0.25], "texture": "#1"},
				"west": {"uv": [4, 2, 4.75, 2.25], "texture": "#1"},
				"up": {"uv": [4.25, 4.75, 4, 4], "texture": "#1"},
				"down": {"uv": [0.25, 6, 0, 6.75], "texture": "#1"}
			}
		},
		{
			"from": [8.11375, 11.05875, 5.97906],
			"to": [8.31625, 11.26125, 6.08031],
			"rotation": {"angle": -45, "axis": "z", "origin": [8.215, 11.16, 6.83125]},
			"faces": {
				"north": {"uv": [2, 8, 2.25, 8.25], "texture": "#1"},
				"east": {"uv": [4, 8, 4.125, 8.25], "texture": "#1"},
				"south": {"uv": [8, 2, 8.25, 2.25], "texture": "#1"},
				"west": {"uv": [8, 4, 8.125, 4.25], "texture": "#1"},
				"up": {"uv": [6.25, 8.125, 6, 8], "texture": "#1"},
				"down": {"uv": [8.25, 6, 8, 6.125], "texture": "#1"}
			}
		},
		{
			"from": [7.675, 11.205, 6.30531],
			"to": [7.945, 11.475, 6.94656],
			"rotation": {"angle": -45, "axis": "z", "origin": [7.81, 11.34, 7.05625]},
			"faces": {
				"north": {"uv": [0, 8, 0.25, 8.25], "texture": "#1"},
				"east": {"uv": [2, 4, 2.75, 4.25], "texture": "#1"},
				"south": {"uv": [8, 0, 8.25, 0.25], "texture": "#1"},
				"west": {"uv": [4, 2, 4.75, 2.25], "texture": "#1"},
				"up": {"uv": [4.25, 4.75, 4, 4], "texture": "#1"},
				"down": {"uv": [0.25, 6, 0, 6.75], "texture": "#1"}
			}
		},
		{
			"from": [7.70875, 11.23875, 6.20406],
			"to": [7.91125, 11.44125, 6.30531],
			"rotation": {"angle": -45, "axis": "z", "origin": [7.81, 11.34, 7.05625]},
			"faces": {
				"north": {"uv": [2, 8, 2.25, 8.25], "texture": "#1"},
				"east": {"uv": [4, 8, 4.125, 8.25], "texture": "#1"},
				"south": {"uv": [8, 2, 8.25, 2.25], "texture": "#1"},
				"west": {"uv": [8, 4, 8.125, 4.25], "texture": "#1"},
				"up": {"uv": [6.25, 8.125, 6, 8], "texture": "#1"},
				"down": {"uv": [8.25, 6, 8, 6.125], "texture": "#1"}
			}
		},
		{
			"from": [7.64125, 11.17125, 6.91281],
			"to": [7.97875, 11.50875, 7.08156],
			"rotation": {"angle": -45, "axis": "z", "origin": [7.81, 11.34, 7.05625]},
			"faces": {
				"north": {"uv": [6, 0, 6.375, 0.375], "texture": "#1"},
				"east": {"uv": [6, 2, 6.25, 2.375], "texture": "#1"},
				"south": {"uv": [2, 6, 2.375, 6.375], "texture": "#1"},
				"west": {"uv": [4, 6, 4.25, 6.375], "texture": "#1"},
				"up": {"uv": [6.375, 4.25, 6, 4], "texture": "#1"},
				"down": {"uv": [6.375, 6, 6, 6.25], "texture": "#1"}
			}
		},
		{
			"from": [7.6075, 11.1375, 7.08156],
			"to": [8.0125, 11.5425, 8.63406],
			"rotation": {"angle": -45, "axis": "z", "origin": [7.81, 11.34, 7.05625]},
			"faces": {
				"north": {"uv": [0, 4, 0.5, 4.5], "texture": "#1"},
				"east": {"uv": [0, 0, 1.75, 0.5], "texture": "#1"},
				"south": {"uv": [4, 0, 4.5, 0.5], "texture": "#1"},
				"west": {"uv": [0, 2, 1.75, 2.5], "texture": "#1"},
				"up": {"uv": [2.5, 1.75, 2, 0], "texture": "#1"},
				"down": {"uv": [2.5, 2, 2, 3.75], "texture": "#1"}
			}
		}
	],
	"display": {
		"thirdperson_righthand": {
			"translation": [0, -1.25, 0.25],
			"scale": [0.54, 0.54, 0.54]
		},
		"thirdperson_lefthand": {
			"scale": [0, 0, 0]
		},
		"firstperson_righthand": {
			"rotation": [-12, -4, 0],
			"translation": [1, -0.5, 0],
			"scale": [1.39, 1.39, 1.39]
		},
		"firstperson_lefthand": {
			"scale": [0, 0, 0]
		},
		"ground": {
			"translation": [0, 5.5, 1],
			"scale": [0.6, 0.6, 0.6]
		},
		"gui": {
			"rotation": [-106, 100, 106],
			"translation": [2, 0.5, 0],
			"scale": [1.44, 1.44, 1.44]
		},
		"head": {
			"scale": [0, 0, 0]
		},
		"fixed": {
			"rotation": [-89, 90, 90],
			"translation": [2, 0.75, -2],
			"scale": [1.59, 1.59, 1.59]
		}
	},
	"groups": [
		{
			"name": "group",
			"origin": [7.6381, 5.77541, 6.42626],
			"color": 0,
			"children": [0, 1, 2, 3, 4, 5, 6, 7, 8, 9, 10, 11, 12, 13, 14, 15, 16, 17, 18, 19, 20]
		},
		{
			"name": "bullet",
			"origin": [8, 8, 8],
			"color": 0,
			"children": [
				{
					"name": "group",
					"origin": [0.4, -0.13039, -6.475],
					"color": 0,
					"children": [
						{
							"name": "group",
							"origin": [8, 3.97495, 2.45],
							"color": 0,
							"children": []
						}
					]
				},
				{
					"name": "group",
					"origin": [8.69412, 0.67872, -7.175],
					"color": 0,
					"children": []
				},
				{
					"name": "group",
					"origin": [8.9375, 1.45251, 6.05459],
					"color": 0,
					"children": [
						{
							"name": "group",
							"origin": [8.9375, 1.45251, 6.05459],
							"color": 0,
							"children": []
						}
					]
				},
				{
					"name": "octagon",
					"origin": [8, 8, 8],
					"color": 0,
					"children": [
						{
							"name": "octagon",
							"origin": [8, 8, 8],
							"color": 0,
							"children": []
						},
						{
							"name": "octagon",
							"origin": [8, 8, 8],
							"color": 0,
							"children": []
						}
					]
				},
				{
					"name": "octagon",
					"origin": [8, 8, 8],
					"color": 0,
					"children": [
						{
							"name": "octagon",
							"origin": [8, 8, 8],
							"color": 0,
							"children": []
						},
						{
							"name": "octagon",
							"origin": [8, 8, 8],
							"color": 0,
							"children": []
						}
					]
				},
				{
					"name": "octagon",
					"origin": [8, 8, 8],
					"color": 0,
					"children": [
						{
							"name": "group",
							"origin": [8, 5.55, 2.1],
							"color": 0,
							"children": []
						},
						{
							"name": "octagon",
							"origin": [8, 8, 8],
							"color": 0,
							"children": []
						}
					]
				},
				{
					"name": "group",
					"origin": [8, 6.7375, 1.00625],
					"color": 0,
					"children": [
						{
							"name": "group",
							"origin": [8, 6.7625, 1.6909],
							"color": 0,
							"children": []
						},
						{
							"name": "group",
							"origin": [8, 6.7375, 1.00625],
							"color": 0,
							"children": []
						}
					]
				},
				{
					"name": "group",
					"origin": [8, 8, 8],
					"color": 0,
					"children": [
						{
							"name": "group",
							"origin": [8, 4.6125, -1.2242],
							"color": 0,
							"children": []
						},
						{
							"name": "group",
							"origin": [8, 4.6125, -1.5712],
							"color": 0,
							"children": []
						}
					]
				},
				{
					"name": "group",
					"origin": [8, 4.6125, -1.5712],
					"color": 0,
					"children": []
				},
				{
					"name": "group",
					"origin": [8, 8, 8],
					"color": 0,
					"children": []
				},
				{
					"name": "group",
					"origin": [8, 4.6125, -1.5712],
					"color": 0,
					"children": []
				},
				{
					"name": "octagon",
					"origin": [8, 8, 8],
					"color": 0,
					"children": []
				},
				{
					"name": "eotech_hws_xps2",
					"origin": [8, 8, 8],
					"color": 0,
					"children": [
						{
							"name": "group",
							"origin": [8.40818, 6.59333, 11.42796],
							"color": 0,
							"children": []
						},
						{
							"name": "hexadecagon",
							"origin": [8, 8, 8],
							"color": 0,
							"children": []
						},
						{
							"name": "octagon",
							"origin": [8, 8, 8],
							"color": 0,
							"children": []
						},
						{
							"name": "octagon",
							"origin": [8, 8, 8],
							"color": 0,
							"children": []
						},
						{
							"name": "octagon",
							"origin": [8, 8, 8],
							"color": 0,
							"children": []
						}
					]
				},
				{
					"name": "group",
					"origin": [8.125, 12.45, 9.48125],
					"color": 0,
					"children": [
						{
							"name": "group",
							"origin": [7.81, 12.19, 7.05625],
							"color": 0,
							"children": []
						}
					]
				}
			]
		},
		21,
		22,
		23,
		24,
		25,
		26,
		27,
		28
	]
}