{
	"credit": "Made with Blockbench",
	"texture_size": [64, 64],
	"textures": {
		"0": "item/arms/lowarm",
		"particle": "item/arms/lowarm"
	},
	"elements": [
		{
			"from": [-10.57247, 2.2409, 2.11613],
			"to": [-6.07247, 6.9409, 23.46613],
			"rotation": {"angle": -45, "axis": "y", "origin": [-12.74747, 1.9909, 16.54113]},
			"faces": {
				"north": {"uv": [5, 5, 6.25, 6.25], "texture": "#0"},
				"east": {"uv": [0, 0, 5.25, 1.25], "texture": "#0"},
				"south": {"uv": [5.25, 0, 6.5, 1.25], "texture": "#0"},
				"west": {"uv": [0, 1.25, 5.25, 2.5], "texture": "#0"},
				"up": {"uv": [1.25, 7.75, 0, 2.5], "texture": "#0"},
				"down": {"uv": [2.5, 2.5, 1.25, 7.75], "texture": "#0"}
			}
		},
		{
			"from": [-1.14747, 3.78435, 10.79855],
			"to": [3.35253, 8.48435, 26.14855],
			"rotation": {"angle": 22.5, "axis": "y", "origin": [0.07753, 6.13435, 17.77355]},
			"faces": {
				"north": {"uv": [5.25, 1.25, 6.5, 2.5], "texture": "#0"},
				"east": {"uv": [2.5, 2.5, 6.25, 3.75], "texture": "#0"},
				"south": {"uv": [6.25, 2.5, 7.5, 3.75], "texture": "#0"},
				"west": {"uv": [2.5, 3.75, 6.25, 5], "texture": "#0"},
				"up": {"uv": [3.75, 8.75, 2.5, 5], "texture": "#0"},
				"down": {"uv": [5, 5, 3.75, 8.75], "texture": "#0"}
			}
		}
	],
	"display": {
		"thirdperson_righthand": {
			"translation": [0, 1.5, -1.75],
			"scale": [0, 0, 0]
		},
		"thirdperson_lefthand": {
			"scale": [0, 0, 0]
		},
		"firstperson_righthand": {
			"translation": [-3.75, -2.25, -22],
			"scale": [1.75, 1.75, 1.75]
		},
		"firstperson_lefthand": {
			"translation": [-18.5, 4, -9.5]
		},
		"ground": {
			"translation": [0, 5.5, 1],
			"scale": [0.45, 0.45, 0.45]
		},
		"gui": {
			"rotation": [85, 47, -77],
			"translation": [-0.25, 5.5, 0],
			"scale": [0, 0, 0]
		},
		"head": {
			"scale": [0, 0, 0]
		},
		"fixed": {
			"translation": [8.5, 10.25, -25],
			"scale": [1.77, 1.77, 1.77]
		}
	},
	"groups": [
		{
			"name": "group",
			"origin": [9.3415, 2.5375, 11.21068],
			"color": 0,
			"children": [
				{
					"name": "group",
					"origin": [-6.97247, 0.2409, 15.56613],
					"color": 0,
					"children": [0, 1]
				}
			]
		}
	]
}