{
	"credit": "Made with Blockbench",
	"texture_size": [64, 64],
	"textures": {
		"0": "item/arms/lowarm",
		"particle": "item/arms/lowarm"
	},
	"elements": [
		{
			"from": [-2.57247, -0.3841, -2.08387],
			"to": [1.92753, 4.3159, 19.26613],
			"rotation": {"angle": -45, "axis": "y", "origin": [-1.32247, -1.6341, 14.09113]},
			"faces": {
				"north": {"uv": [5, 5, 6.25, 6.25], "texture": "#0"},
				"east": {"uv": [0, 0, 5.25, 1.25], "texture": "#0"},
				"south": {"uv": [5.25, 0, 6.5, 1.25], "texture": "#0"},
				"west": {"uv": [0, 1.25, 5.25, 2.5], "texture": "#0"},
				"up": {"uv": [1.25, 7.75, 0, 2.5], "texture": "#0"},
				"down": {"uv": [2.5, 2.5, 1.25, 7.75], "texture": "#0"}
			}
		},
		{
			"from": [8.42753, -2.3841, 10.66613],
			"to": [12.92753, 2.3159, 26.01613],
			"rotation": {"angle": -22.5, "axis": "x", "origin": [-1.32247, -1.6341, 14.09113]},
			"faces": {
				"north": {"uv": [5.25, 1.25, 6.5, 2.5], "texture": "#0"},
				"east": {"uv": [2.5, 2.5, 6.25, 3.75], "texture": "#0"},
				"south": {"uv": [6.25, 2.5, 7.5, 3.75], "texture": "#0"},
				"west": {"uv": [2.5, 3.75, 6.25, 5], "texture": "#0"},
				"up": {"uv": [3.75, 8.75, 2.5, 5], "texture": "#0"},
				"down": {"uv": [5, 5, 3.75, 8.75], "texture": "#0"}
			}
		}
	],
	"display": {
		"thirdperson_righthand": {
			"translation": [0, 1.5, -1.75],
			"scale": [0, 0, 0]
		},
		"thirdperson_lefthand": {
			"scale": [0, 0, 0]
		},
		"firstperson_righthand": {
			"translation": [1.75, -0.25, -22],
			"scale": [1.75, 1.75, 1.75]
		},
		"firstperson_lefthand": {
			"translation": [-18.5, 4, -9.5]
		},
		"ground": {
			"translation": [0, 5.5, 1],
			"scale": [0.45, 0.45, 0.45]
		},
		"gui": {
			"rotation": [85, 47, -77],
			"translation": [-0.25, 5.5, 0],
			"scale": [0, 0, 0]
		},
		"head": {
			"scale": [0, 0, 0]
		},
		"fixed": {
			"translation": [8.5, 10.25, -25],
			"scale": [1.77, 1.77, 1.77]
		}
	},
	"groups": [
		{
			"name": "group",
			"origin": [9.3415, 2.5375, 11.21068],
			"color": 0,
			"children": [
				{
					"name": "group",
					"origin": [-6.97247, 0.2409, 15.56613],
					"color": 0,
					"children": [0, 1]
				}
			]
		}
	]
}