{
	"credit": "Made with Blockbench",
	"texture_size": [64, 64],
	"textures": {
		"0": "item/arms/lowarm",
		"particle": "item/arms/lowarm"
	},
	"elements": [
		{
			"from": [8.42753, -15.20449, 26.45532],
			"to": [12.92753, 0.14551, 31.15532],
			"rotation": {"angle": -22.5, "axis": "x", "origin": [10.67753, 1.47051, 15.80532]},
			"faces": {
				"north": {"uv": [5, 5, 3.75, 8.75], "rotation": 180, "texture": "#0"},
				"east": {"uv": [2.5, 2.5, 6.25, 3.75], "rotation": 270, "texture": "#0"},
				"south": {"uv": [3.75, 8.75, 2.5, 5], "texture": "#0"},
				"west": {"uv": [2.5, 3.75, 6.25, 5], "rotation": 90, "texture": "#0"},
				"up": {"uv": [5.25, 1.25, 6.5, 2.5], "rotation": 180, "texture": "#0"},
				"down": {"uv": [6.25, 2.5, 7.5, 3.75], "texture": "#0"}
			}
		}
	],
	"display": {
		"thirdperson_righthand": {
			"translation": [0, 1.5, -1.75],
			"scale": [0, 0, 0]
		},
		"thirdperson_lefthand": {
			"scale": [0, 0, 0]
		},
		"firstperson_righthand": {
			"rotation": [-15, 0, 0],
			"translation": [3.75, -9.5, -21.25],
			"scale": [1.75, 1.75, 1.75]
		},
		"firstperson_lefthand": {
			"translation": [-18.5, 4, -9.5]
		},
		"ground": {
			"translation": [0, 5.5, 1],
			"scale": [0.45, 0.45, 0.45]
		},
		"gui": {
			"rotation": [85, 47, -77],
			"translation": [-0.25, 5.5, 0],
			"scale": [0, 0, 0]
		},
		"head": {
			"scale": [0, 0, 0]
		},
		"fixed": {
			"translation": [8.5, 10.25, -25],
			"scale": [1.77, 1.77, 1.77]
		}
	},
	"groups": [
		{
			"name": "group",
			"origin": [9.3415, 2.5375, 11.21068],
			"color": 0,
			"children": [
				{
					"name": "group",
					"origin": [-6.97247, 0.2409, 15.56613],
					"color": 0,
					"children": [0]
				}
			]
		}
	]
}